"anio","ambito_geografico","sexo","grupo_edad","edad_inicio","edad_fin","categoria_id","categoria_sanitaria","categoria_egsp","estado_dato","gasto_per_capita_total_airef_euros_2022","participacion_categoria_en_grupo_edad_pct","gasto_per_capita_categoria_euros_2022","anos_persona_esperados","gasto_vital_esperado_categoria_tramo_euros_2022","perfil_edad_proxy","indice_relativo_edad_proxy","fuente_gasto_total_edad","fuente_supervivencia","fuente_pesos_categoria","fuente_perfil_edad_categoria","metodologia","limitaciones"
"2022","Espana","Ambos sexos","0 a 4","0","4","hospitalaria_especializada","Hospitalaria y especializada","Servicios hospitalarios y especializados","estimado","2974.1","68.0339","2023.395","4.98595","10088.5303","hospitalaria","1.19","AIReF - Graficos y cuadros del Documento tecnico de sanidad, educacion y cuidados 2025","INE - Tablas de Mortalidad, tabla API 27153","Ministerio de Sanidad - Estadistica de Gasto Sanitario Publico, Principales resultados 2022","Ministerio de Sanidad - Informe del Grupo de Trabajo de Analisis del Gasto Sanitario 2005","Estimacion propia: total por edad AIReF 2022 x anos-persona INE 2022; reparto por categoria mediante pesos EGSP 2022 y perfiles relativos por edad del IGTGS 2005.","No es un cruce oficial categoria sanitaria x edad. Urgencias y salud mental no se separan porque no se ha localizado fuente institucional compatible. Perfil IGTGS hospitalaria aplicado como proxy."
"2022","Espana","Ambos sexos","0 a 4","0","4","atencion_primaria","Atencion primaria","Servicios primarios de salud","estimado","2974.1","19.4119","577.3295","4.98595","2878.5313","ambulatoria","1.449","AIReF - Graficos y cuadros del Documento tecnico de sanidad, educacion y cuidados 2025","INE - Tablas de Mortalidad, tabla API 27153","Ministerio de Sanidad - Estadistica de Gasto Sanitario Publico, Principales resultados 2022","Ministerio de Sanidad - Informe del Grupo de Trabajo de Analisis del Gasto Sanitario 2005","Estimacion propia: total por edad AIReF 2022 x anos-persona INE 2022; reparto por categoria mediante pesos EGSP 2022 y perfiles relativos por edad del IGTGS 2005.","No es un cruce oficial categoria sanitaria x edad. Urgencias y salud mental no se separan porque no se ha localizado fuente institucional compatible. Perfil IGTGS ambulatoria aplicado como proxy de primaria; no es equivalencia perfecta."
"2022","Espana","Ambos sexos","0 a 4","0","4","farmacia","Farmacia","Farmacia","estimado","2974.1","2.8983","86.1981","4.98595","429.7789","farmacia","0.209","AIReF - Graficos y cuadros del Documento tecnico de sanidad, educacion y cuidados 2025","INE - Tablas de Mortalidad, tabla API 27153","Ministerio de Sanidad - Estadistica de Gasto Sanitario Publico, Principales resultados 2022","Ministerio de Sanidad - Informe del Grupo de Trabajo de Analisis del Gasto Sanitario 2005","Estimacion propia: total por edad AIReF 2022 x anos-persona INE 2022; reparto por categoria mediante pesos EGSP 2022 y perfiles relativos por edad del IGTGS 2005.","No es un cruce oficial categoria sanitaria x edad. Urgencias y salud mental no se separan porque no se ha localizado fuente institucional compatible. Perfil IGTGS farmacia."
"2022","Espana","Ambos sexos","0 a 4","0","4","protesis_traslados","Protesis y traslados","Traslado, protesis y aparatos terapeuticos","estimado","2974.1","1.5778","46.9246","4.98595","233.9633","plano","1","AIReF - Graficos y cuadros del Documento tecnico de sanidad, educacion y cuidados 2025","INE - Tablas de Mortalidad, tabla API 27153","Ministerio de Sanidad - Estadistica de Gasto Sanitario Publico, Principales resultados 2022","Ministerio de Sanidad - Informe del Grupo de Trabajo de Analisis del Gasto Sanitario 2005","Estimacion propia: total por edad AIReF 2022 x anos-persona INE 2022; reparto por categoria mediante pesos EGSP 2022 y perfiles relativos por edad del IGTGS 2005.","No es un cruce oficial categoria sanitaria x edad. Urgencias y salud mental no se separan porque no se ha localizado fuente institucional compatible. Sin perfil por edad localizado en la transformacion; reparto plano como residual menor."
"2022","Espana","Ambos sexos","0 a 4","0","4","salud_publica_colectivos_capital","Salud publica, colectivos y capital","Salud publica, servicios colectivos y gasto de capital","estimado","2974.1","8.0782","240.2527","4.98595","1197.8861","plano","1","AIReF - Graficos y cuadros del Documento tecnico de sanidad, educacion y cuidados 2025","INE - Tablas de Mortalidad, tabla API 27153","Ministerio de Sanidad - Estadistica de Gasto Sanitario Publico, Principales resultados 2022","Ministerio de Sanidad - Informe del Grupo de Trabajo de Analisis del Gasto Sanitario 2005","Estimacion propia: total por edad AIReF 2022 x anos-persona INE 2022; reparto por categoria mediante pesos EGSP 2022 y perfiles relativos por edad del IGTGS 2005.","No es un cruce oficial categoria sanitaria x edad. Urgencias y salud mental no se separan porque no se ha localizado fuente institucional compatible. Agrega funciones sin perfil de edad compatible; reparto plano como residual."
"2022","Espana","Ambos sexos","5 a 9","5","9","hospitalaria_especializada","Hospitalaria y especializada","Servicios hospitalarios y especializados","estimado","1301.32","40.5771","528.0378","4.982861","2631.1364","hospitalaria","0.261","AIReF - Graficos y cuadros del Documento tecnico de sanidad, educacion y cuidados 2025","INE - Tablas de Mortalidad, tabla API 27153","Ministerio de Sanidad - Estadistica de Gasto Sanitario Publico, Principales resultados 2022","Ministerio de Sanidad - Informe del Grupo de Trabajo de Analisis del Gasto Sanitario 2005","Estimacion propia: total por edad AIReF 2022 x anos-persona INE 2022; reparto por categoria mediante pesos EGSP 2022 y perfiles relativos por edad del IGTGS 2005.","No es un cruce oficial categoria sanitaria x edad. Urgencias y salud mental no se separan porque no se ha localizado fuente institucional compatible. Perfil IGTGS hospitalaria aplicado como proxy."
"2022","Espana","Ambos sexos","5 a 9","5","9","atencion_primaria","Atencion primaria","Servicios primarios de salud","estimado","1301.32","27.3955","356.5037","4.982861","1776.4064","ambulatoria","0.752","AIReF - Graficos y cuadros del Documento tecnico de sanidad, educacion y cuidados 2025","INE - Tablas de Mortalidad, tabla API 27153","Ministerio de Sanidad - Estadistica de Gasto Sanitario Publico, Principales resultados 2022","Ministerio de Sanidad - Informe del Grupo de Trabajo de Analisis del Gasto Sanitario 2005","Estimacion propia: total por edad AIReF 2022 x anos-persona INE 2022; reparto por categoria mediante pesos EGSP 2022 y perfiles relativos por edad del IGTGS 2005.","No es un cruce oficial categoria sanitaria x edad. Urgencias y salud mental no se separan porque no se ha localizado fuente institucional compatible. Perfil IGTGS ambulatoria aplicado como proxy de primaria; no es equivalencia perfecta."
"2022","Espana","Ambos sexos","5 a 9","5","9","farmacia","Farmacia","Farmacia","estimado","1301.32","5.7697","75.0817","4.982861","374.1211","farmacia","0.153","AIReF - Graficos y cuadros del Documento tecnico de sanidad, educacion y cuidados 2025","INE - Tablas de Mortalidad, tabla API 27153","Ministerio de Sanidad - Estadistica de Gasto Sanitario Publico, Principales resultados 2022","Ministerio de Sanidad - Informe del Grupo de Trabajo de Analisis del Gasto Sanitario 2005","Estimacion propia: total por edad AIReF 2022 x anos-persona INE 2022; reparto por categoria mediante pesos EGSP 2022 y perfiles relativos por edad del IGTGS 2005.","No es un cruce oficial categoria sanitaria x edad. Urgencias y salud mental no se separan porque no se ha localizado fuente institucional compatible. Perfil IGTGS farmacia."
"2022","Espana","Ambos sexos","5 a 9","5","9","protesis_traslados","Protesis y traslados","Traslado, protesis y aparatos terapeuticos","estimado","1301.32","4.2905","55.8331","4.982861","278.2081","plano","1","AIReF - Graficos y cuadros del Documento tecnico de sanidad, educacion y cuidados 2025","INE - Tablas de Mortalidad, tabla API 27153","Ministerio de Sanidad - Estadistica de Gasto Sanitario Publico, Principales resultados 2022","Ministerio de Sanidad - Informe del Grupo de Trabajo de Analisis del Gasto Sanitario 2005","Estimacion propia: total por edad AIReF 2022 x anos-persona INE 2022; reparto por categoria mediante pesos EGSP 2022 y perfiles relativos por edad del IGTGS 2005.","No es un cruce oficial categoria sanitaria x edad. Urgencias y salud mental no se separan porque no se ha localizado fuente institucional compatible. Sin perfil por edad localizado en la transformacion; reparto plano como residual menor."
"2022","Espana","Ambos sexos","5 a 9","5","9","salud_publica_colectivos_capital","Salud publica, colectivos y capital","Salud publica, servicios colectivos y gasto de capital","estimado","1301.32","21.9672","285.8638","4.982861","1424.418","plano","1","AIReF - Graficos y cuadros del Documento tecnico de sanidad, educacion y cuidados 2025","INE - Tablas de Mortalidad, tabla API 27153","Ministerio de Sanidad - Estadistica de Gasto Sanitario Publico, Principales resultados 2022","Ministerio de Sanidad - Informe del Grupo de Trabajo de Analisis del Gasto Sanitario 2005","Estimacion propia: total por edad AIReF 2022 x anos-persona INE 2022; reparto por categoria mediante pesos EGSP 2022 y perfiles relativos por edad del IGTGS 2005.","No es un cruce oficial categoria sanitaria x edad. Urgencias y salud mental no se separan porque no se ha localizado fuente institucional compatible. Agrega funciones sin perfil de edad compatible; reparto plano como residual."
"2022","Espana","Ambos sexos","10 a 14","10","14","hospitalaria_especializada","Hospitalaria y especializada","Servicios hospitalarios y especializados","estimado","1197.01","40.5771","485.7119","4.980908","2419.2794","hospitalaria","0.261","AIReF - Graficos y cuadros del Documento tecnico de sanidad, educacion y cuidados 2025","INE - Tablas de Mortalidad, tabla API 27153","Ministerio de Sanidad - Estadistica de Gasto Sanitario Publico, Principales resultados 2022","Ministerio de Sanidad - Informe del Grupo de Trabajo de Analisis del Gasto Sanitario 2005","Estimacion propia: total por edad AIReF 2022 x anos-persona INE 2022; reparto por categoria mediante pesos EGSP 2022 y perfiles relativos por edad del IGTGS 2005.","No es un cruce oficial categoria sanitaria x edad. Urgencias y salud mental no se separan porque no se ha localizado fuente institucional compatible. Perfil IGTGS hospitalaria aplicado como proxy."
"2022","Espana","Ambos sexos","10 a 14","10","14","atencion_primaria","Atencion primaria","Servicios primarios de salud","estimado","1197.01","27.3955","327.9274","4.980908","1633.3715","ambulatoria","0.752","AIReF - Graficos y cuadros del Documento tecnico de sanidad, educacion y cuidados 2025","INE - Tablas de Mortalidad, tabla API 27153","Ministerio de Sanidad - Estadistica de Gasto Sanitario Publico, Principales resultados 2022","Ministerio de Sanidad - Informe del Grupo de Trabajo de Analisis del Gasto Sanitario 2005","Estimacion propia: total por edad AIReF 2022 x anos-persona INE 2022; reparto por categoria mediante pesos EGSP 2022 y perfiles relativos por edad del IGTGS 2005.","No es un cruce oficial categoria sanitaria x edad. Urgencias y salud mental no se separan porque no se ha localizado fuente institucional compatible. Perfil IGTGS ambulatoria aplicado como proxy de primaria; no es equivalencia perfecta."
"2022","Espana","Ambos sexos","10 a 14","10","14","farmacia","Farmacia","Farmacia","estimado","1197.01","5.7697","69.0633","4.980908","343.9972","farmacia","0.153","AIReF - Graficos y cuadros del Documento tecnico de sanidad, educacion y cuidados 2025","INE - Tablas de Mortalidad, tabla API 27153","Ministerio de Sanidad - Estadistica de Gasto Sanitario Publico, Principales resultados 2022","Ministerio de Sanidad - Informe del Grupo de Trabajo de Analisis del Gasto Sanitario 2005","Estimacion propia: total por edad AIReF 2022 x anos-persona INE 2022; reparto por categoria mediante pesos EGSP 2022 y perfiles relativos por edad del IGTGS 2005.","No es un cruce oficial categoria sanitaria x edad. Urgencias y salud mental no se separan porque no se ha localizado fuente institucional compatible. Perfil IGTGS farmacia."
"2022","Espana","Ambos sexos","10 a 14","10","14","protesis_traslados","Protesis y traslados","Traslado, protesis y aparatos terapeuticos","estimado","1197.01","4.2905","51.3576","4.980908","255.807","plano","1","AIReF - Graficos y cuadros del Documento tecnico de sanidad, educacion y cuidados 2025","INE - Tablas de Mortalidad, tabla API 27153","Ministerio de Sanidad - Estadistica de Gasto Sanitario Publico, Principales resultados 2022","Ministerio de Sanidad - Informe del Grupo de Trabajo de Analisis del Gasto Sanitario 2005","Estimacion propia: total por edad AIReF 2022 x anos-persona INE 2022; reparto por categoria mediante pesos EGSP 2022 y perfiles relativos por edad del IGTGS 2005.","No es un cruce oficial categoria sanitaria x edad. Urgencias y salud mental no se separan porque no se ha localizado fuente institucional compatible. Sin perfil por edad localizado en la transformacion; reparto plano como residual menor."
"2022","Espana","Ambos sexos","10 a 14","10","14","salud_publica_colectivos_capital","Salud publica, colectivos y capital","Salud publica, servicios colectivos y gasto de capital","estimado","1197.01","21.9672","262.9498","4.980908","1309.725","plano","1","AIReF - Graficos y cuadros del Documento tecnico de sanidad, educacion y cuidados 2025","INE - Tablas de Mortalidad, tabla API 27153","Ministerio de Sanidad - Estadistica de Gasto Sanitario Publico, Principales resultados 2022","Ministerio de Sanidad - Informe del Grupo de Trabajo de Analisis del Gasto Sanitario 2005","Estimacion propia: total por edad AIReF 2022 x anos-persona INE 2022; reparto por categoria mediante pesos EGSP 2022 y perfiles relativos por edad del IGTGS 2005.","No es un cruce oficial categoria sanitaria x edad. Urgencias y salud mental no se separan porque no se ha localizado fuente institucional compatible. Agrega funciones sin perfil de edad compatible; reparto plano como residual."
"2022","Espana","Ambos sexos","15 a 19","15","19","hospitalaria_especializada","Hospitalaria y especializada","Servicios hospitalarios y especializados","estimado","1230.34","56.163","690.9954","4.977564","3439.4762","hospitalaria","0.515","AIReF - Graficos y cuadros del Documento tecnico de sanidad, educacion y cuidados 2025","INE - Tablas de Mortalidad, tabla API 27153","Ministerio de Sanidad - Estadistica de Gasto Sanitario Publico, Principales resultados 2022","Ministerio de Sanidad - Informe del Grupo de Trabajo de Analisis del Gasto Sanitario 2005","Estimacion propia: total por edad AIReF 2022 x anos-persona INE 2022; reparto por categoria mediante pesos EGSP 2022 y perfiles relativos por edad del IGTGS 2005.","No es un cruce oficial categoria sanitaria x edad. Urgencias y salud mental no se separan porque no se ha localizado fuente institucional compatible. Perfil IGTGS hospitalaria aplicado como proxy."
"2022","Espana","Ambos sexos","15 a 19","15","19","atencion_primaria","Atencion primaria","Servicios primarios de salud","estimado","1230.34","18.8846","232.3454","4.977564","1156.5147","ambulatoria","0.739","AIReF - Graficos y cuadros del Documento tecnico de sanidad, educacion y cuidados 2025","INE - Tablas de Mortalidad, tabla API 27153","Ministerio de Sanidad - Estadistica de Gasto Sanitario Publico, Principales resultados 2022","Ministerio de Sanidad - Informe del Grupo de Trabajo de Analisis del Gasto Sanitario 2005","Estimacion propia: total por edad AIReF 2022 x anos-persona INE 2022; reparto por categoria mediante pesos EGSP 2022 y perfiles relativos por edad del IGTGS 2005.","No es un cruce oficial categoria sanitaria x edad. Urgencias y salud mental no se separan porque no se ha localizado fuente institucional compatible. Perfil IGTGS ambulatoria aplicado como proxy de primaria; no es equivalencia perfecta."
"2022","Espana","Ambos sexos","15 a 19","15","19","farmacia","Farmacia","Farmacia","estimado","1230.34","6.5337","80.3864","4.977564","400.1289","farmacia","0.247","AIReF - Graficos y cuadros del Documento tecnico de sanidad, educacion y cuidados 2025","INE - Tablas de Mortalidad, tabla API 27153","Ministerio de Sanidad - Estadistica de Gasto Sanitario Publico, Principales resultados 2022","Ministerio de Sanidad - Informe del Grupo de Trabajo de Analisis del Gasto Sanitario 2005","Estimacion propia: total por edad AIReF 2022 x anos-persona INE 2022; reparto por categoria mediante pesos EGSP 2022 y perfiles relativos por edad del IGTGS 2005.","No es un cruce oficial categoria sanitaria x edad. Urgencias y salud mental no se separan porque no se ha localizado fuente institucional compatible. Perfil IGTGS farmacia."
"2022","Espana","Ambos sexos","15 a 19","15","19","protesis_traslados","Protesis y traslados","Traslado, protesis y aparatos terapeuticos","estimado","1230.34","3.0096","37.0284","4.977564","184.3113","plano","1","AIReF - Graficos y cuadros del Documento tecnico de sanidad, educacion y cuidados 2025","INE - Tablas de Mortalidad, tabla API 27153","Ministerio de Sanidad - Estadistica de Gasto Sanitario Publico, Principales resultados 2022","Ministerio de Sanidad - Informe del Grupo de Trabajo de Analisis del Gasto Sanitario 2005","Estimacion propia: total por edad AIReF 2022 x anos-persona INE 2022; reparto por categoria mediante pesos EGSP 2022 y perfiles relativos por edad del IGTGS 2005.","No es un cruce oficial categoria sanitaria x edad. Urgencias y salud mental no se separan porque no se ha localizado fuente institucional compatible. Sin perfil por edad localizado en la transformacion; reparto plano como residual menor."
"2022","Espana","Ambos sexos","15 a 19","15","19","salud_publica_colectivos_capital","Salud publica, colectivos y capital","Salud publica, servicios colectivos y gasto de capital","estimado","1230.34","15.4091","189.5844","4.977564","943.669","plano","1","AIReF - Graficos y cuadros del Documento tecnico de sanidad, educacion y cuidados 2025","INE - Tablas de Mortalidad, tabla API 27153","Ministerio de Sanidad - Estadistica de Gasto Sanitario Publico, Principales resultados 2022","Ministerio de Sanidad - Informe del Grupo de Trabajo de Analisis del Gasto Sanitario 2005","Estimacion propia: total por edad AIReF 2022 x anos-persona INE 2022; reparto por categoria mediante pesos EGSP 2022 y perfiles relativos por edad del IGTGS 2005.","No es un cruce oficial categoria sanitaria x edad. Urgencias y salud mental no se separan porque no se ha localizado fuente institucional compatible. Agrega funciones sin perfil de edad compatible; reparto plano como residual."
"2022","Espana","Ambos sexos","20 a 24","20","24","hospitalaria_especializada","Hospitalaria y especializada","Servicios hospitalarios y especializados","estimado","1336.96","56.163","750.8764","4.971584","3733.0512","hospitalaria","0.515","AIReF - Graficos y cuadros del Documento tecnico de sanidad, educacion y cuidados 2025","INE - Tablas de Mortalidad, tabla API 27153","Ministerio de Sanidad - Estadistica de Gasto Sanitario Publico, Principales resultados 2022","Ministerio de Sanidad - Informe del Grupo de Trabajo de Analisis del Gasto Sanitario 2005","Estimacion propia: total por edad AIReF 2022 x anos-persona INE 2022; reparto por categoria mediante pesos EGSP 2022 y perfiles relativos por edad del IGTGS 2005.","No es un cruce oficial categoria sanitaria x edad. Urgencias y salud mental no se separan porque no se ha localizado fuente institucional compatible. Perfil IGTGS hospitalaria aplicado como proxy."
"2022","Espana","Ambos sexos","20 a 24","20","24","atencion_primaria","Atencion primaria","Servicios primarios de salud","estimado","1336.96","18.8846","252.4802","4.971584","1255.2285","ambulatoria","0.739","AIReF - Graficos y cuadros del Documento tecnico de sanidad, educacion y cuidados 2025","INE - Tablas de Mortalidad, tabla API 27153","Ministerio de Sanidad - Estadistica de Gasto Sanitario Publico, Principales resultados 2022","Ministerio de Sanidad - Informe del Grupo de Trabajo de Analisis del Gasto Sanitario 2005","Estimacion propia: total por edad AIReF 2022 x anos-persona INE 2022; reparto por categoria mediante pesos EGSP 2022 y perfiles relativos por edad del IGTGS 2005.","No es un cruce oficial categoria sanitaria x edad. Urgencias y salud mental no se separan porque no se ha localizado fuente institucional compatible. Perfil IGTGS ambulatoria aplicado como proxy de primaria; no es equivalencia perfecta."
"2022","Espana","Ambos sexos","20 a 24","20","24","farmacia","Farmacia","Farmacia","estimado","1336.96","6.5337","87.3526","4.971584","434.2817","farmacia","0.247","AIReF - Graficos y cuadros del Documento tecnico de sanidad, educacion y cuidados 2025","INE - Tablas de Mortalidad, tabla API 27153","Ministerio de Sanidad - Estadistica de Gasto Sanitario Publico, Principales resultados 2022","Ministerio de Sanidad - Informe del Grupo de Trabajo de Analisis del Gasto Sanitario 2005","Estimacion propia: total por edad AIReF 2022 x anos-persona INE 2022; reparto por categoria mediante pesos EGSP 2022 y perfiles relativos por edad del IGTGS 2005.","No es un cruce oficial categoria sanitaria x edad. Urgencias y salud mental no se separan porque no se ha localizado fuente institucional compatible. Perfil IGTGS farmacia."
"2022","Espana","Ambos sexos","20 a 24","20","24","protesis_traslados","Protesis y traslados","Traslado, protesis y aparatos terapeuticos","estimado","1336.96","3.0096","40.2372","4.971584","200.0431","plano","1","AIReF - Graficos y cuadros del Documento tecnico de sanidad, educacion y cuidados 2025","INE - Tablas de Mortalidad, tabla API 27153","Ministerio de Sanidad - Estadistica de Gasto Sanitario Publico, Principales resultados 2022","Ministerio de Sanidad - Informe del Grupo de Trabajo de Analisis del Gasto Sanitario 2005","Estimacion propia: total por edad AIReF 2022 x anos-persona INE 2022; reparto por categoria mediante pesos EGSP 2022 y perfiles relativos por edad del IGTGS 2005.","No es un cruce oficial categoria sanitaria x edad. Urgencias y salud mental no se separan porque no se ha localizado fuente institucional compatible. Sin perfil por edad localizado en la transformacion; reparto plano como residual menor."
"2022","Espana","Ambos sexos","20 a 24","20","24","salud_publica_colectivos_capital","Salud publica, colectivos y capital","Salud publica, servicios colectivos y gasto de capital","estimado","1336.96","15.4091","206.0136","4.971584","1024.2154","plano","1","AIReF - Graficos y cuadros del Documento tecnico de sanidad, educacion y cuidados 2025","INE - Tablas de Mortalidad, tabla API 27153","Ministerio de Sanidad - Estadistica de Gasto Sanitario Publico, Principales resultados 2022","Ministerio de Sanidad - Informe del Grupo de Trabajo de Analisis del Gasto Sanitario 2005","Estimacion propia: total por edad AIReF 2022 x anos-persona INE 2022; reparto por categoria mediante pesos EGSP 2022 y perfiles relativos por edad del IGTGS 2005.","No es un cruce oficial categoria sanitaria x edad. Urgencias y salud mental no se separan porque no se ha localizado fuente institucional compatible. Agrega funciones sin perfil de edad compatible; reparto plano como residual."
"2022","Espana","Ambos sexos","25 a 29","25","29","hospitalaria_especializada","Hospitalaria y especializada","Servicios hospitalarios y especializados","estimado","1609.49","56.163","903.9373","4.964533","4487.6175","hospitalaria","0.515","AIReF - Graficos y cuadros del Documento tecnico de sanidad, educacion y cuidados 2025","INE - Tablas de Mortalidad, tabla API 27153","Ministerio de Sanidad - Estadistica de Gasto Sanitario Publico, Principales resultados 2022","Ministerio de Sanidad - Informe del Grupo de Trabajo de Analisis del Gasto Sanitario 2005","Estimacion propia: total por edad AIReF 2022 x anos-persona INE 2022; reparto por categoria mediante pesos EGSP 2022 y perfiles relativos por edad del IGTGS 2005.","No es un cruce oficial categoria sanitaria x edad. Urgencias y salud mental no se separan porque no se ha localizado fuente institucional compatible. Perfil IGTGS hospitalaria aplicado como proxy."
"2022","Espana","Ambos sexos","25 a 29","25","29","atencion_primaria","Atencion primaria","Servicios primarios de salud","estimado","1609.49","18.8846","303.9465","4.964533","1508.9494","ambulatoria","0.739","AIReF - Graficos y cuadros del Documento tecnico de sanidad, educacion y cuidados 2025","INE - Tablas de Mortalidad, tabla API 27153","Ministerio de Sanidad - Estadistica de Gasto Sanitario Publico, Principales resultados 2022","Ministerio de Sanidad - Informe del Grupo de Trabajo de Analisis del Gasto Sanitario 2005","Estimacion propia: total por edad AIReF 2022 x anos-persona INE 2022; reparto por categoria mediante pesos EGSP 2022 y perfiles relativos por edad del IGTGS 2005.","No es un cruce oficial categoria sanitaria x edad. Urgencias y salud mental no se separan porque no se ha localizado fuente institucional compatible. Perfil IGTGS ambulatoria aplicado como proxy de primaria; no es equivalencia perfecta."
"2022","Espana","Ambos sexos","25 a 29","25","29","farmacia","Farmacia","Farmacia","estimado","1609.49","6.5337","105.1589","4.964533","522.0637","farmacia","0.247","AIReF - Graficos y cuadros del Documento tecnico de sanidad, educacion y cuidados 2025","INE - Tablas de Mortalidad, tabla API 27153","Ministerio de Sanidad - Estadistica de Gasto Sanitario Publico, Principales resultados 2022","Ministerio de Sanidad - Informe del Grupo de Trabajo de Analisis del Gasto Sanitario 2005","Estimacion propia: total por edad AIReF 2022 x anos-persona INE 2022; reparto por categoria mediante pesos EGSP 2022 y perfiles relativos por edad del IGTGS 2005.","No es un cruce oficial categoria sanitaria x edad. Urgencias y salud mental no se separan porque no se ha localizado fuente institucional compatible. Perfil IGTGS farmacia."
"2022","Espana","Ambos sexos","25 a 29","25","29","protesis_traslados","Protesis y traslados","Traslado, protesis y aparatos terapeuticos","estimado","1609.49","3.0096","48.4393","4.964533","240.4781","plano","1","AIReF - Graficos y cuadros del Documento tecnico de sanidad, educacion y cuidados 2025","INE - Tablas de Mortalidad, tabla API 27153","Ministerio de Sanidad - Estadistica de Gasto Sanitario Publico, Principales resultados 2022","Ministerio de Sanidad - Informe del Grupo de Trabajo de Analisis del Gasto Sanitario 2005","Estimacion propia: total por edad AIReF 2022 x anos-persona INE 2022; reparto por categoria mediante pesos EGSP 2022 y perfiles relativos por edad del IGTGS 2005.","No es un cruce oficial categoria sanitaria x edad. Urgencias y salud mental no se separan porque no se ha localizado fuente institucional compatible. Sin perfil por edad localizado en la transformacion; reparto plano como residual menor."
"2022","Espana","Ambos sexos","25 a 29","25","29","salud_publica_colectivos_capital","Salud publica, colectivos y capital","Salud publica, servicios colectivos y gasto de capital","estimado","1609.49","15.4091","248.008","4.964533","1231.2414","plano","1","AIReF - Graficos y cuadros del Documento tecnico de sanidad, educacion y cuidados 2025","INE - Tablas de Mortalidad, tabla API 27153","Ministerio de Sanidad - Estadistica de Gasto Sanitario Publico, Principales resultados 2022","Ministerio de Sanidad - Informe del Grupo de Trabajo de Analisis del Gasto Sanitario 2005","Estimacion propia: total por edad AIReF 2022 x anos-persona INE 2022; reparto por categoria mediante pesos EGSP 2022 y perfiles relativos por edad del IGTGS 2005.","No es un cruce oficial categoria sanitaria x edad. Urgencias y salud mental no se separan porque no se ha localizado fuente institucional compatible. Agrega funciones sin perfil de edad compatible; reparto plano como residual."
"2022","Espana","Ambos sexos","30 a 34","30","34","hospitalaria_especializada","Hospitalaria y especializada","Servicios hospitalarios y especializados","estimado","1652.94","56.163","928.3401","4.956096","4600.9319","hospitalaria","0.515","AIReF - Graficos y cuadros del Documento tecnico de sanidad, educacion y cuidados 2025","INE - Tablas de Mortalidad, tabla API 27153","Ministerio de Sanidad - Estadistica de Gasto Sanitario Publico, Principales resultados 2022","Ministerio de Sanidad - Informe del Grupo de Trabajo de Analisis del Gasto Sanitario 2005","Estimacion propia: total por edad AIReF 2022 x anos-persona INE 2022; reparto por categoria mediante pesos EGSP 2022 y perfiles relativos por edad del IGTGS 2005.","No es un cruce oficial categoria sanitaria x edad. Urgencias y salud mental no se separan porque no se ha localizado fuente institucional compatible. Perfil IGTGS hospitalaria aplicado como proxy."
"2022","Espana","Ambos sexos","30 a 34","30","34","atencion_primaria","Atencion primaria","Servicios primarios de salud","estimado","1652.94","18.8846","312.1519","4.956096","1547.0511","ambulatoria","0.739","AIReF - Graficos y cuadros del Documento tecnico de sanidad, educacion y cuidados 2025","INE - Tablas de Mortalidad, tabla API 27153","Ministerio de Sanidad - Estadistica de Gasto Sanitario Publico, Principales resultados 2022","Ministerio de Sanidad - Informe del Grupo de Trabajo de Analisis del Gasto Sanitario 2005","Estimacion propia: total por edad AIReF 2022 x anos-persona INE 2022; reparto por categoria mediante pesos EGSP 2022 y perfiles relativos por edad del IGTGS 2005.","No es un cruce oficial categoria sanitaria x edad. Urgencias y salud mental no se separan porque no se ha localizado fuente institucional compatible. Perfil IGTGS ambulatoria aplicado como proxy de primaria; no es equivalencia perfecta."
"2022","Espana","Ambos sexos","30 a 34","30","34","farmacia","Farmacia","Farmacia","estimado","1652.94","6.5337","107.9978","4.956096","535.246","farmacia","0.247","AIReF - Graficos y cuadros del Documento tecnico de sanidad, educacion y cuidados 2025","INE - Tablas de Mortalidad, tabla API 27153","Ministerio de Sanidad - Estadistica de Gasto Sanitario Publico, Principales resultados 2022","Ministerio de Sanidad - Informe del Grupo de Trabajo de Analisis del Gasto Sanitario 2005","Estimacion propia: total por edad AIReF 2022 x anos-persona INE 2022; reparto por categoria mediante pesos EGSP 2022 y perfiles relativos por edad del IGTGS 2005.","No es un cruce oficial categoria sanitaria x edad. Urgencias y salud mental no se separan porque no se ha localizado fuente institucional compatible. Perfil IGTGS farmacia."
"2022","Espana","Ambos sexos","30 a 34","30","34","protesis_traslados","Protesis y traslados","Traslado, protesis y aparatos terapeuticos","estimado","1652.94","3.0096","49.747","4.956096","246.5502","plano","1","AIReF - Graficos y cuadros del Documento tecnico de sanidad, educacion y cuidados 2025","INE - Tablas de Mortalidad, tabla API 27153","Ministerio de Sanidad - Estadistica de Gasto Sanitario Publico, Principales resultados 2022","Ministerio de Sanidad - Informe del Grupo de Trabajo de Analisis del Gasto Sanitario 2005","Estimacion propia: total por edad AIReF 2022 x anos-persona INE 2022; reparto por categoria mediante pesos EGSP 2022 y perfiles relativos por edad del IGTGS 2005.","No es un cruce oficial categoria sanitaria x edad. Urgencias y salud mental no se separan porque no se ha localizado fuente institucional compatible. Sin perfil por edad localizado en la transformacion; reparto plano como residual menor."
"2022","Espana","Ambos sexos","30 a 34","30","34","salud_publica_colectivos_capital","Salud publica, colectivos y capital","Salud publica, servicios colectivos y gasto de capital","estimado","1652.94","15.4091","254.7033","4.956096","1262.3308","plano","1","AIReF - Graficos y cuadros del Documento tecnico de sanidad, educacion y cuidados 2025","INE - Tablas de Mortalidad, tabla API 27153","Ministerio de Sanidad - Estadistica de Gasto Sanitario Publico, Principales resultados 2022","Ministerio de Sanidad - Informe del Grupo de Trabajo de Analisis del Gasto Sanitario 2005","Estimacion propia: total por edad AIReF 2022 x anos-persona INE 2022; reparto por categoria mediante pesos EGSP 2022 y perfiles relativos por edad del IGTGS 2005.","No es un cruce oficial categoria sanitaria x edad. Urgencias y salud mental no se separan porque no se ha localizado fuente institucional compatible. Agrega funciones sin perfil de edad compatible; reparto plano como residual."
"2022","Espana","Ambos sexos","35 a 39","35","39","hospitalaria_especializada","Hospitalaria y especializada","Servicios hospitalarios y especializados","estimado","1713.4","56.163","962.2963","4.943863","4757.4581","hospitalaria","0.515","AIReF - Graficos y cuadros del Documento tecnico de sanidad, educacion y cuidados 2025","INE - Tablas de Mortalidad, tabla API 27153","Ministerio de Sanidad - Estadistica de Gasto Sanitario Publico, Principales resultados 2022","Ministerio de Sanidad - Informe del Grupo de Trabajo de Analisis del Gasto Sanitario 2005","Estimacion propia: total por edad AIReF 2022 x anos-persona INE 2022; reparto por categoria mediante pesos EGSP 2022 y perfiles relativos por edad del IGTGS 2005.","No es un cruce oficial categoria sanitaria x edad. Urgencias y salud mental no se separan porque no se ha localizado fuente institucional compatible. Perfil IGTGS hospitalaria aplicado como proxy."
"2022","Espana","Ambos sexos","35 a 39","35","39","atencion_primaria","Atencion primaria","Servicios primarios de salud","estimado","1713.4","18.8846","323.5695","4.943863","1599.6826","ambulatoria","0.739","AIReF - Graficos y cuadros del Documento tecnico de sanidad, educacion y cuidados 2025","INE - Tablas de Mortalidad, tabla API 27153","Ministerio de Sanidad - Estadistica de Gasto Sanitario Publico, Principales resultados 2022","Ministerio de Sanidad - Informe del Grupo de Trabajo de Analisis del Gasto Sanitario 2005","Estimacion propia: total por edad AIReF 2022 x anos-persona INE 2022; reparto por categoria mediante pesos EGSP 2022 y perfiles relativos por edad del IGTGS 2005.","No es un cruce oficial categoria sanitaria x edad. Urgencias y salud mental no se separan porque no se ha localizado fuente institucional compatible. Perfil IGTGS ambulatoria aplicado como proxy de primaria; no es equivalencia perfecta."
"2022","Espana","Ambos sexos","35 a 39","35","39","farmacia","Farmacia","Farmacia","estimado","1713.4","6.5337","111.948","4.943863","553.4554","farmacia","0.247","AIReF - Graficos y cuadros del Documento tecnico de sanidad, educacion y cuidados 2025","INE - Tablas de Mortalidad, tabla API 27153","Ministerio de Sanidad - Estadistica de Gasto Sanitario Publico, Principales resultados 2022","Ministerio de Sanidad - Informe del Grupo de Trabajo de Analisis del Gasto Sanitario 2005","Estimacion propia: total por edad AIReF 2022 x anos-persona INE 2022; reparto por categoria mediante pesos EGSP 2022 y perfiles relativos por edad del IGTGS 2005.","No es un cruce oficial categoria sanitaria x edad. Urgencias y salud mental no se separan porque no se ha localizado fuente institucional compatible. Perfil IGTGS farmacia."
"2022","Espana","Ambos sexos","35 a 39","35","39","protesis_traslados","Protesis y traslados","Traslado, protesis y aparatos terapeuticos","estimado","1713.4","3.0096","51.5666","4.943863","254.938","plano","1","AIReF - Graficos y cuadros del Documento tecnico de sanidad, educacion y cuidados 2025","INE - Tablas de Mortalidad, tabla API 27153","Ministerio de Sanidad - Estadistica de Gasto Sanitario Publico, Principales resultados 2022","Ministerio de Sanidad - Informe del Grupo de Trabajo de Analisis del Gasto Sanitario 2005","Estimacion propia: total por edad AIReF 2022 x anos-persona INE 2022; reparto por categoria mediante pesos EGSP 2022 y perfiles relativos por edad del IGTGS 2005.","No es un cruce oficial categoria sanitaria x edad. Urgencias y salud mental no se separan porque no se ha localizado fuente institucional compatible. Sin perfil por edad localizado en la transformacion; reparto plano como residual menor."
"2022","Espana","Ambos sexos","35 a 39","35","39","salud_publica_colectivos_capital","Salud publica, colectivos y capital","Salud publica, servicios colectivos y gasto de capital","estimado","1713.4","15.4091","264.0196","4.943863","1305.276","plano","1","AIReF - Graficos y cuadros del Documento tecnico de sanidad, educacion y cuidados 2025","INE - Tablas de Mortalidad, tabla API 27153","Ministerio de Sanidad - Estadistica de Gasto Sanitario Publico, Principales resultados 2022","Ministerio de Sanidad - Informe del Grupo de Trabajo de Analisis del Gasto Sanitario 2005","Estimacion propia: total por edad AIReF 2022 x anos-persona INE 2022; reparto por categoria mediante pesos EGSP 2022 y perfiles relativos por edad del IGTGS 2005.","No es un cruce oficial categoria sanitaria x edad. Urgencias y salud mental no se separan porque no se ha localizado fuente institucional compatible. Agrega funciones sin perfil de edad compatible; reparto plano como residual."
"2022","Espana","Ambos sexos","40 a 44","40","44","hospitalaria_especializada","Hospitalaria y especializada","Servicios hospitalarios y especializados","estimado","1623.1","56.163","911.5811","4.926418","4490.8188","hospitalaria","0.515","AIReF - Graficos y cuadros del Documento tecnico de sanidad, educacion y cuidados 2025","INE - Tablas de Mortalidad, tabla API 27153","Ministerio de Sanidad - Estadistica de Gasto Sanitario Publico, Principales resultados 2022","Ministerio de Sanidad - Informe del Grupo de Trabajo de Analisis del Gasto Sanitario 2005","Estimacion propia: total por edad AIReF 2022 x anos-persona INE 2022; reparto por categoria mediante pesos EGSP 2022 y perfiles relativos por edad del IGTGS 2005.","No es un cruce oficial categoria sanitaria x edad. Urgencias y salud mental no se separan porque no se ha localizado fuente institucional compatible. Perfil IGTGS hospitalaria aplicado como proxy."
"2022","Espana","Ambos sexos","40 a 44","40","44","atencion_primaria","Atencion primaria","Servicios primarios de salud","estimado","1623.1","18.8846","306.5167","4.926418","1510.0258","ambulatoria","0.739","AIReF - Graficos y cuadros del Documento tecnico de sanidad, educacion y cuidados 2025","INE - Tablas de Mortalidad, tabla API 27153","Ministerio de Sanidad - Estadistica de Gasto Sanitario Publico, Principales resultados 2022","Ministerio de Sanidad - Informe del Grupo de Trabajo de Analisis del Gasto Sanitario 2005","Estimacion propia: total por edad AIReF 2022 x anos-persona INE 2022; reparto por categoria mediante pesos EGSP 2022 y perfiles relativos por edad del IGTGS 2005.","No es un cruce oficial categoria sanitaria x edad. Urgencias y salud mental no se separan porque no se ha localizado fuente institucional compatible. Perfil IGTGS ambulatoria aplicado como proxy de primaria; no es equivalencia perfecta."
"2022","Espana","Ambos sexos","40 a 44","40","44","farmacia","Farmacia","Farmacia","estimado","1623.1","6.5337","106.0481","4.926418","522.4361","farmacia","0.247","AIReF - Graficos y cuadros del Documento tecnico de sanidad, educacion y cuidados 2025","INE - Tablas de Mortalidad, tabla API 27153","Ministerio de Sanidad - Estadistica de Gasto Sanitario Publico, Principales resultados 2022","Ministerio de Sanidad - Informe del Grupo de Trabajo de Analisis del Gasto Sanitario 2005","Estimacion propia: total por edad AIReF 2022 x anos-persona INE 2022; reparto por categoria mediante pesos EGSP 2022 y perfiles relativos por edad del IGTGS 2005.","No es un cruce oficial categoria sanitaria x edad. Urgencias y salud mental no se separan porque no se ha localizado fuente institucional compatible. Perfil IGTGS farmacia."
"2022","Espana","Ambos sexos","40 a 44","40","44","protesis_traslados","Protesis y traslados","Traslado, protesis y aparatos terapeuticos","estimado","1623.1","3.0096","48.8489","4.926418","240.6496","plano","1","AIReF - Graficos y cuadros del Documento tecnico de sanidad, educacion y cuidados 2025","INE - Tablas de Mortalidad, tabla API 27153","Ministerio de Sanidad - Estadistica de Gasto Sanitario Publico, Principales resultados 2022","Ministerio de Sanidad - Informe del Grupo de Trabajo de Analisis del Gasto Sanitario 2005","Estimacion propia: total por edad AIReF 2022 x anos-persona INE 2022; reparto por categoria mediante pesos EGSP 2022 y perfiles relativos por edad del IGTGS 2005.","No es un cruce oficial categoria sanitaria x edad. Urgencias y salud mental no se separan porque no se ha localizado fuente institucional compatible. Sin perfil por edad localizado en la transformacion; reparto plano como residual menor."
"2022","Espana","Ambos sexos","40 a 44","40","44","salud_publica_colectivos_capital","Salud publica, colectivos y capital","Salud publica, servicios colectivos y gasto de capital","estimado","1623.1","15.4091","250.1052","4.926418","1232.1197","plano","1","AIReF - Graficos y cuadros del Documento tecnico de sanidad, educacion y cuidados 2025","INE - Tablas de Mortalidad, tabla API 27153","Ministerio de Sanidad - Estadistica de Gasto Sanitario Publico, Principales resultados 2022","Ministerio de Sanidad - Informe del Grupo de Trabajo de Analisis del Gasto Sanitario 2005","Estimacion propia: total por edad AIReF 2022 x anos-persona INE 2022; reparto por categoria mediante pesos EGSP 2022 y perfiles relativos por edad del IGTGS 2005.","No es un cruce oficial categoria sanitaria x edad. Urgencias y salud mental no se separan porque no se ha localizado fuente institucional compatible. Agrega funciones sin perfil de edad compatible; reparto plano como residual."
"2022","Espana","Ambos sexos","45 a 49","45","49","hospitalaria_especializada","Hospitalaria y especializada","Servicios hospitalarios y especializados","estimado","1802.2","58.4147","1052.7489","4.899173","5157.5991","hospitalaria","0.84","AIReF - Graficos y cuadros del Documento tecnico de sanidad, educacion y cuidados 2025","INE - Tablas de Mortalidad, tabla API 27153","Ministerio de Sanidad - Estadistica de Gasto Sanitario Publico, Principales resultados 2022","Ministerio de Sanidad - Informe del Grupo de Trabajo de Analisis del Gasto Sanitario 2005","Estimacion propia: total por edad AIReF 2022 x anos-persona INE 2022; reparto por categoria mediante pesos EGSP 2022 y perfiles relativos por edad del IGTGS 2005.","No es un cruce oficial categoria sanitaria x edad. Urgencias y salud mental no se separan porque no se ha localizado fuente institucional compatible. Perfil IGTGS hospitalaria aplicado como proxy."
"2022","Espana","Ambos sexos","45 a 49","45","49","atencion_primaria","Atencion primaria","Servicios primarios de salud","estimado","1802.2","18.2182","328.3288","4.899173","1608.5395","ambulatoria","1.118","AIReF - Graficos y cuadros del Documento tecnico de sanidad, educacion y cuidados 2025","INE - Tablas de Mortalidad, tabla API 27153","Ministerio de Sanidad - Estadistica de Gasto Sanitario Publico, Principales resultados 2022","Ministerio de Sanidad - Informe del Grupo de Trabajo de Analisis del Gasto Sanitario 2005","Estimacion propia: total por edad AIReF 2022 x anos-persona INE 2022; reparto por categoria mediante pesos EGSP 2022 y perfiles relativos por edad del IGTGS 2005.","No es un cruce oficial categoria sanitaria x edad. Urgencias y salud mental no se separan porque no se ha localizado fuente institucional compatible. Perfil IGTGS ambulatoria aplicado como proxy de primaria; no es equivalencia perfecta."
"2022","Espana","Ambos sexos","45 a 49","45","49","farmacia","Farmacia","Farmacia","estimado","1802.2","11.622","209.4511","4.899173","1026.1372","farmacia","0.689","AIReF - Graficos y cuadros del Documento tecnico de sanidad, educacion y cuidados 2025","INE - Tablas de Mortalidad, tabla API 27153","Ministerio de Sanidad - Estadistica de Gasto Sanitario Publico, Principales resultados 2022","Ministerio de Sanidad - Informe del Grupo de Trabajo de Analisis del Gasto Sanitario 2005","Estimacion propia: total por edad AIReF 2022 x anos-persona INE 2022; reparto por categoria mediante pesos EGSP 2022 y perfiles relativos por edad del IGTGS 2005.","No es un cruce oficial categoria sanitaria x edad. Urgencias y salud mental no se separan porque no se ha localizado fuente institucional compatible. Perfil IGTGS farmacia."
"2022","Espana","Ambos sexos","45 a 49","45","49","protesis_traslados","Protesis y traslados","Traslado, protesis y aparatos terapeuticos","estimado","1802.2","1.9192","34.587","4.899173","169.4475","plano","1","AIReF - Graficos y cuadros del Documento tecnico de sanidad, educacion y cuidados 2025","INE - Tablas de Mortalidad, tabla API 27153","Ministerio de Sanidad - Estadistica de Gasto Sanitario Publico, Principales resultados 2022","Ministerio de Sanidad - Informe del Grupo de Trabajo de Analisis del Gasto Sanitario 2005","Estimacion propia: total por edad AIReF 2022 x anos-persona INE 2022; reparto por categoria mediante pesos EGSP 2022 y perfiles relativos por edad del IGTGS 2005.","No es un cruce oficial categoria sanitaria x edad. Urgencias y salud mental no se separan porque no se ha localizado fuente institucional compatible. Sin perfil por edad localizado en la transformacion; reparto plano como residual menor."
"2022","Espana","Ambos sexos","45 a 49","45","49","salud_publica_colectivos_capital","Salud publica, colectivos y capital","Salud publica, servicios colectivos y gasto de capital","estimado","1802.2","9.826","177.0843","4.899173","867.5667","plano","1","AIReF - Graficos y cuadros del Documento tecnico de sanidad, educacion y cuidados 2025","INE - Tablas de Mortalidad, tabla API 27153","Ministerio de Sanidad - Estadistica de Gasto Sanitario Publico, Principales resultados 2022","Ministerio de Sanidad - Informe del Grupo de Trabajo de Analisis del Gasto Sanitario 2005","Estimacion propia: total por edad AIReF 2022 x anos-persona INE 2022; reparto por categoria mediante pesos EGSP 2022 y perfiles relativos por edad del IGTGS 2005.","No es un cruce oficial categoria sanitaria x edad. Urgencias y salud mental no se separan porque no se ha localizado fuente institucional compatible. Agrega funciones sin perfil de edad compatible; reparto plano como residual."
"2022","Espana","Ambos sexos","50 a 54","50","54","hospitalaria_especializada","Hospitalaria y especializada","Servicios hospitalarios y especializados","estimado","1862.86","58.4147","1088.1832","4.852307","5280.1939","hospitalaria","0.84","AIReF - Graficos y cuadros del Documento tecnico de sanidad, educacion y cuidados 2025","INE - Tablas de Mortalidad, tabla API 27153","Ministerio de Sanidad - Estadistica de Gasto Sanitario Publico, Principales resultados 2022","Ministerio de Sanidad - Informe del Grupo de Trabajo de Analisis del Gasto Sanitario 2005","Estimacion propia: total por edad AIReF 2022 x anos-persona INE 2022; reparto por categoria mediante pesos EGSP 2022 y perfiles relativos por edad del IGTGS 2005.","No es un cruce oficial categoria sanitaria x edad. Urgencias y salud mental no se separan porque no se ha localizado fuente institucional compatible. Perfil IGTGS hospitalaria aplicado como proxy."
"2022","Espana","Ambos sexos","50 a 54","50","54","atencion_primaria","Atencion primaria","Servicios primarios de salud","estimado","1862.86","18.2182","339.3799","4.852307","1646.7741","ambulatoria","1.118","AIReF - Graficos y cuadros del Documento tecnico de sanidad, educacion y cuidados 2025","INE - Tablas de Mortalidad, tabla API 27153","Ministerio de Sanidad - Estadistica de Gasto Sanitario Publico, Principales resultados 2022","Ministerio de Sanidad - Informe del Grupo de Trabajo de Analisis del Gasto Sanitario 2005","Estimacion propia: total por edad AIReF 2022 x anos-persona INE 2022; reparto por categoria mediante pesos EGSP 2022 y perfiles relativos por edad del IGTGS 2005.","No es un cruce oficial categoria sanitaria x edad. Urgencias y salud mental no se separan porque no se ha localizado fuente institucional compatible. Perfil IGTGS ambulatoria aplicado como proxy de primaria; no es equivalencia perfecta."
"2022","Espana","Ambos sexos","50 a 54","50","54","farmacia","Farmacia","Farmacia","estimado","1862.86","11.622","216.501","4.852307","1050.5282","farmacia","0.689","AIReF - Graficos y cuadros del Documento tecnico de sanidad, educacion y cuidados 2025","INE - Tablas de Mortalidad, tabla API 27153","Ministerio de Sanidad - Estadistica de Gasto Sanitario Publico, Principales resultados 2022","Ministerio de Sanidad - Informe del Grupo de Trabajo de Analisis del Gasto Sanitario 2005","Estimacion propia: total por edad AIReF 2022 x anos-persona INE 2022; reparto por categoria mediante pesos EGSP 2022 y perfiles relativos por edad del IGTGS 2005.","No es un cruce oficial categoria sanitaria x edad. Urgencias y salud mental no se separan porque no se ha localizado fuente institucional compatible. Perfil IGTGS farmacia."
"2022","Espana","Ambos sexos","50 a 54","50","54","protesis_traslados","Protesis y traslados","Traslado, protesis y aparatos terapeuticos","estimado","1862.86","1.9192","35.7511","4.852307","173.4752","plano","1","AIReF - Graficos y cuadros del Documento tecnico de sanidad, educacion y cuidados 2025","INE - Tablas de Mortalidad, tabla API 27153","Ministerio de Sanidad - Estadistica de Gasto Sanitario Publico, Principales resultados 2022","Ministerio de Sanidad - Informe del Grupo de Trabajo de Analisis del Gasto Sanitario 2005","Estimacion propia: total por edad AIReF 2022 x anos-persona INE 2022; reparto por categoria mediante pesos EGSP 2022 y perfiles relativos por edad del IGTGS 2005.","No es un cruce oficial categoria sanitaria x edad. Urgencias y salud mental no se separan porque no se ha localizado fuente institucional compatible. Sin perfil por edad localizado en la transformacion; reparto plano como residual menor."
"2022","Espana","Ambos sexos","50 a 54","50","54","salud_publica_colectivos_capital","Salud publica, colectivos y capital","Salud publica, servicios colectivos y gasto de capital","estimado","1862.86","9.826","183.0448","4.852307","888.1886","plano","1","AIReF - Graficos y cuadros del Documento tecnico de sanidad, educacion y cuidados 2025","INE - Tablas de Mortalidad, tabla API 27153","Ministerio de Sanidad - Estadistica de Gasto Sanitario Publico, Principales resultados 2022","Ministerio de Sanidad - Informe del Grupo de Trabajo de Analisis del Gasto Sanitario 2005","Estimacion propia: total por edad AIReF 2022 x anos-persona INE 2022; reparto por categoria mediante pesos EGSP 2022 y perfiles relativos por edad del IGTGS 2005.","No es un cruce oficial categoria sanitaria x edad. Urgencias y salud mental no se separan porque no se ha localizado fuente institucional compatible. Agrega funciones sin perfil de edad compatible; reparto plano como residual."
"2022","Espana","Ambos sexos","55 a 59","55","59","hospitalaria_especializada","Hospitalaria y especializada","Servicios hospitalarios y especializados","estimado","2243.59","62.9678","1412.7403","4.77078","6739.864","hospitalaria","1.341","AIReF - Graficos y cuadros del Documento tecnico de sanidad, educacion y cuidados 2025","INE - Tablas de Mortalidad, tabla API 27153","Ministerio de Sanidad - Estadistica de Gasto Sanitario Publico, Principales resultados 2022","Ministerio de Sanidad - Informe del Grupo de Trabajo de Analisis del Gasto Sanitario 2005","Estimacion propia: total por edad AIReF 2022 x anos-persona INE 2022; reparto por categoria mediante pesos EGSP 2022 y perfiles relativos por edad del IGTGS 2005.","No es un cruce oficial categoria sanitaria x edad. Urgencias y salud mental no se separan porque no se ha localizado fuente institucional compatible. Perfil IGTGS hospitalaria aplicado como proxy."
"2022","Espana","Ambos sexos","55 a 59","55","59","atencion_primaria","Atencion primaria","Servicios primarios de salud","estimado","2243.59","13.2586","297.4694","4.77078","1419.1589","ambulatoria","1.205","AIReF - Graficos y cuadros del Documento tecnico de sanidad, educacion y cuidados 2025","INE - Tablas de Mortalidad, tabla API 27153","Ministerio de Sanidad - Estadistica de Gasto Sanitario Publico, Principales resultados 2022","Ministerio de Sanidad - Informe del Grupo de Trabajo de Analisis del Gasto Sanitario 2005","Estimacion propia: total por edad AIReF 2022 x anos-persona INE 2022; reparto por categoria mediante pesos EGSP 2022 y perfiles relativos por edad del IGTGS 2005.","No es un cruce oficial categoria sanitaria x edad. Urgencias y salud mental no se separan porque no se ha localizado fuente institucional compatible. Perfil IGTGS ambulatoria aplicado como proxy de primaria; no es equivalencia perfecta."
"2022","Espana","Ambos sexos","55 a 59","55","59","farmacia","Farmacia","Farmacia","estimado","2243.59","15.8429","355.4501","4.77078","1695.7717","farmacia","1.391","AIReF - Graficos y cuadros del Documento tecnico de sanidad, educacion y cuidados 2025","INE - Tablas de Mortalidad, tabla API 27153","Ministerio de Sanidad - Estadistica de Gasto Sanitario Publico, Principales resultados 2022","Ministerio de Sanidad - Informe del Grupo de Trabajo de Analisis del Gasto Sanitario 2005","Estimacion propia: total por edad AIReF 2022 x anos-persona INE 2022; reparto por categoria mediante pesos EGSP 2022 y perfiles relativos por edad del IGTGS 2005.","No es un cruce oficial categoria sanitaria x edad. Urgencias y salud mental no se separan porque no se ha localizado fuente institucional compatible. Perfil IGTGS farmacia."
"2022","Espana","Ambos sexos","55 a 59","55","59","protesis_traslados","Protesis y traslados","Traslado, protesis y aparatos terapeuticos","estimado","2243.59","1.2959","29.0737","4.77078","138.7041","plano","1","AIReF - Graficos y cuadros del Documento tecnico de sanidad, educacion y cuidados 2025","INE - Tablas de Mortalidad, tabla API 27153","Ministerio de Sanidad - Estadistica de Gasto Sanitario Publico, Principales resultados 2022","Ministerio de Sanidad - Informe del Grupo de Trabajo de Analisis del Gasto Sanitario 2005","Estimacion propia: total por edad AIReF 2022 x anos-persona INE 2022; reparto por categoria mediante pesos EGSP 2022 y perfiles relativos por edad del IGTGS 2005.","No es un cruce oficial categoria sanitaria x edad. Urgencias y salud mental no se separan porque no se ha localizado fuente institucional compatible. Sin perfil por edad localizado en la transformacion; reparto plano como residual menor."
"2022","Espana","Ambos sexos","55 a 59","55","59","salud_publica_colectivos_capital","Salud publica, colectivos y capital","Salud publica, servicios colectivos y gasto de capital","estimado","2243.59","6.6348","148.8566","4.77078","710.1612","plano","1","AIReF - Graficos y cuadros del Documento tecnico de sanidad, educacion y cuidados 2025","INE - Tablas de Mortalidad, tabla API 27153","Ministerio de Sanidad - Estadistica de Gasto Sanitario Publico, Principales resultados 2022","Ministerio de Sanidad - Informe del Grupo de Trabajo de Analisis del Gasto Sanitario 2005","Estimacion propia: total por edad AIReF 2022 x anos-persona INE 2022; reparto por categoria mediante pesos EGSP 2022 y perfiles relativos por edad del IGTGS 2005.","No es un cruce oficial categoria sanitaria x edad. Urgencias y salud mental no se separan porque no se ha localizado fuente institucional compatible. Agrega funciones sin perfil de edad compatible; reparto plano como residual."
"2022","Espana","Ambos sexos","60 a 64","60","64","hospitalaria_especializada","Hospitalaria y especializada","Servicios hospitalarios y especializados","estimado","2358.39","62.9678","1485.0274","4.639964","6890.4831","hospitalaria","1.341","AIReF - Graficos y cuadros del Documento tecnico de sanidad, educacion y cuidados 2025","INE - Tablas de Mortalidad, tabla API 27153","Ministerio de Sanidad - Estadistica de Gasto Sanitario Publico, Principales resultados 2022","Ministerio de Sanidad - Informe del Grupo de Trabajo de Analisis del Gasto Sanitario 2005","Estimacion propia: total por edad AIReF 2022 x anos-persona INE 2022; reparto por categoria mediante pesos EGSP 2022 y perfiles relativos por edad del IGTGS 2005.","No es un cruce oficial categoria sanitaria x edad. Urgencias y salud mental no se separan porque no se ha localizado fuente institucional compatible. Perfil IGTGS hospitalaria aplicado como proxy."
"2022","Espana","Ambos sexos","60 a 64","60","64","atencion_primaria","Atencion primaria","Servicios primarios de salud","estimado","2358.39","13.2586","312.6903","4.639964","1450.8736","ambulatoria","1.205","AIReF - Graficos y cuadros del Documento tecnico de sanidad, educacion y cuidados 2025","INE - Tablas de Mortalidad, tabla API 27153","Ministerio de Sanidad - Estadistica de Gasto Sanitario Publico, Principales resultados 2022","Ministerio de Sanidad - Informe del Grupo de Trabajo de Analisis del Gasto Sanitario 2005","Estimacion propia: total por edad AIReF 2022 x anos-persona INE 2022; reparto por categoria mediante pesos EGSP 2022 y perfiles relativos por edad del IGTGS 2005.","No es un cruce oficial categoria sanitaria x edad. Urgencias y salud mental no se separan porque no se ha localizado fuente institucional compatible. Perfil IGTGS ambulatoria aplicado como proxy de primaria; no es equivalencia perfecta."
"2022","Espana","Ambos sexos","60 a 64","60","64","farmacia","Farmacia","Farmacia","estimado","2358.39","15.8429","373.6377","4.639964","1733.668","farmacia","1.391","AIReF - Graficos y cuadros del Documento tecnico de sanidad, educacion y cuidados 2025","INE - Tablas de Mortalidad, tabla API 27153","Ministerio de Sanidad - Estadistica de Gasto Sanitario Publico, Principales resultados 2022","Ministerio de Sanidad - Informe del Grupo de Trabajo de Analisis del Gasto Sanitario 2005","Estimacion propia: total por edad AIReF 2022 x anos-persona INE 2022; reparto por categoria mediante pesos EGSP 2022 y perfiles relativos por edad del IGTGS 2005.","No es un cruce oficial categoria sanitaria x edad. Urgencias y salud mental no se separan porque no se ha localizado fuente institucional compatible. Perfil IGTGS farmacia."
"2022","Espana","Ambos sexos","60 a 64","60","64","protesis_traslados","Protesis y traslados","Traslado, protesis y aparatos terapeuticos","estimado","2358.39","1.2959","30.5613","4.639964","141.8038","plano","1","AIReF - Graficos y cuadros del Documento tecnico de sanidad, educacion y cuidados 2025","INE - Tablas de Mortalidad, tabla API 27153","Ministerio de Sanidad - Estadistica de Gasto Sanitario Publico, Principales resultados 2022","Ministerio de Sanidad - Informe del Grupo de Trabajo de Analisis del Gasto Sanitario 2005","Estimacion propia: total por edad AIReF 2022 x anos-persona INE 2022; reparto por categoria mediante pesos EGSP 2022 y perfiles relativos por edad del IGTGS 2005.","No es un cruce oficial categoria sanitaria x edad. Urgencias y salud mental no se separan porque no se ha localizado fuente institucional compatible. Sin perfil por edad localizado en la transformacion; reparto plano como residual menor."
"2022","Espana","Ambos sexos","60 a 64","60","64","salud_publica_colectivos_capital","Salud publica, colectivos y capital","Salud publica, servicios colectivos y gasto de capital","estimado","2358.39","6.6348","156.4733","4.639964","726.0316","plano","1","AIReF - Graficos y cuadros del Documento tecnico de sanidad, educacion y cuidados 2025","INE - Tablas de Mortalidad, tabla API 27153","Ministerio de Sanidad - Estadistica de Gasto Sanitario Publico, Principales resultados 2022","Ministerio de Sanidad - Informe del Grupo de Trabajo de Analisis del Gasto Sanitario 2005","Estimacion propia: total por edad AIReF 2022 x anos-persona INE 2022; reparto por categoria mediante pesos EGSP 2022 y perfiles relativos por edad del IGTGS 2005.","No es un cruce oficial categoria sanitaria x edad. Urgencias y salud mental no se separan porque no se ha localizado fuente institucional compatible. Agrega funciones sin perfil de edad compatible; reparto plano como residual."
"2022","Espana","Ambos sexos","65 a 69","65","69","hospitalaria_especializada","Hospitalaria y especializada","Servicios hospitalarios y especializados","estimado","2742.23","62.541","1715.0169","4.444302","7622.0542","hospitalaria","2.195","AIReF - Graficos y cuadros del Documento tecnico de sanidad, educacion y cuidados 2025","INE - Tablas de Mortalidad, tabla API 27153","Ministerio de Sanidad - Estadistica de Gasto Sanitario Publico, Principales resultados 2022","Ministerio de Sanidad - Informe del Grupo de Trabajo de Analisis del Gasto Sanitario 2005","Estimacion propia: total por edad AIReF 2022 x anos-persona INE 2022; reparto por categoria mediante pesos EGSP 2022 y perfiles relativos por edad del IGTGS 2005.","No es un cruce oficial categoria sanitaria x edad. Urgencias y salud mental no se separan porque no se ha localizado fuente institucional compatible. Perfil IGTGS hospitalaria aplicado como proxy."
"2022","Espana","Ambos sexos","65 a 69","65","69","atencion_primaria","Atencion primaria","Servicios primarios de salud","estimado","2742.23","10.4621","286.896","4.444302","1275.0527","ambulatoria","1.567","AIReF - Graficos y cuadros del Documento tecnico de sanidad, educacion y cuidados 2025","INE - Tablas de Mortalidad, tabla API 27153","Ministerio de Sanidad - Estadistica de Gasto Sanitario Publico, Principales resultados 2022","Ministerio de Sanidad - Informe del Grupo de Trabajo de Analisis del Gasto Sanitario 2005","Estimacion propia: total por edad AIReF 2022 x anos-persona INE 2022; reparto por categoria mediante pesos EGSP 2022 y perfiles relativos por edad del IGTGS 2005.","No es un cruce oficial categoria sanitaria x edad. Urgencias y salud mental no se separan porque no se ha localizado fuente institucional compatible. Perfil IGTGS ambulatoria aplicado como proxy de primaria; no es equivalencia perfecta."
"2022","Espana","Ambos sexos","65 a 69","65","69","farmacia","Farmacia","Farmacia","estimado","2742.23","22.1847","608.3546","4.444302","2703.7121","farmacia","3.21","AIReF - Graficos y cuadros del Documento tecnico de sanidad, educacion y cuidados 2025","INE - Tablas de Mortalidad, tabla API 27153","Ministerio de Sanidad - Estadistica de Gasto Sanitario Publico, Principales resultados 2022","Ministerio de Sanidad - Informe del Grupo de Trabajo de Analisis del Gasto Sanitario 2005","Estimacion propia: total por edad AIReF 2022 x anos-persona INE 2022; reparto por categoria mediante pesos EGSP 2022 y perfiles relativos por edad del IGTGS 2005.","No es un cruce oficial categoria sanitaria x edad. Urgencias y salud mental no se separan porque no se ha localizado fuente institucional compatible. Perfil IGTGS farmacia."
"2022","Espana","Ambos sexos","65 a 69","65","69","protesis_traslados","Protesis y traslados","Traslado, protesis y aparatos terapeuticos","estimado","2742.23","0.7863","21.5626","4.444302","95.8306","plano","1","AIReF - Graficos y cuadros del Documento tecnico de sanidad, educacion y cuidados 2025","INE - Tablas de Mortalidad, tabla API 27153","Ministerio de Sanidad - Estadistica de Gasto Sanitario Publico, Principales resultados 2022","Ministerio de Sanidad - Informe del Grupo de Trabajo de Analisis del Gasto Sanitario 2005","Estimacion propia: total por edad AIReF 2022 x anos-persona INE 2022; reparto por categoria mediante pesos EGSP 2022 y perfiles relativos por edad del IGTGS 2005.","No es un cruce oficial categoria sanitaria x edad. Urgencias y salud mental no se separan porque no se ha localizado fuente institucional compatible. Sin perfil por edad localizado en la transformacion; reparto plano como residual menor."
"2022","Espana","Ambos sexos","65 a 69","65","69","salud_publica_colectivos_capital","Salud publica, colectivos y capital","Salud publica, servicios colectivos y gasto de capital","estimado","2742.23","4.0259","110.3999","4.444302","490.6503","plano","1","AIReF - Graficos y cuadros del Documento tecnico de sanidad, educacion y cuidados 2025","INE - Tablas de Mortalidad, tabla API 27153","Ministerio de Sanidad - Estadistica de Gasto Sanitario Publico, Principales resultados 2022","Ministerio de Sanidad - Informe del Grupo de Trabajo de Analisis del Gasto Sanitario 2005","Estimacion propia: total por edad AIReF 2022 x anos-persona INE 2022; reparto por categoria mediante pesos EGSP 2022 y perfiles relativos por edad del IGTGS 2005.","No es un cruce oficial categoria sanitaria x edad. Urgencias y salud mental no se separan porque no se ha localizado fuente institucional compatible. Agrega funciones sin perfil de edad compatible; reparto plano como residual."
"2022","Espana","Ambos sexos","70 a 74","70","74","hospitalaria_especializada","Hospitalaria y especializada","Servicios hospitalarios y especializados","estimado","2940.06","62.541","1838.7417","4.164723","7657.8464","hospitalaria","2.195","AIReF - Graficos y cuadros del Documento tecnico de sanidad, educacion y cuidados 2025","INE - Tablas de Mortalidad, tabla API 27153","Ministerio de Sanidad - Estadistica de Gasto Sanitario Publico, Principales resultados 2022","Ministerio de Sanidad - Informe del Grupo de Trabajo de Analisis del Gasto Sanitario 2005","Estimacion propia: total por edad AIReF 2022 x anos-persona INE 2022; reparto por categoria mediante pesos EGSP 2022 y perfiles relativos por edad del IGTGS 2005.","No es un cruce oficial categoria sanitaria x edad. Urgencias y salud mental no se separan porque no se ha localizado fuente institucional compatible. Perfil IGTGS hospitalaria aplicado como proxy."
"2022","Espana","Ambos sexos","70 a 74","70","74","atencion_primaria","Atencion primaria","Servicios primarios de salud","estimado","2940.06","10.4621","307.5933","4.164723","1281.0402","ambulatoria","1.567","AIReF - Graficos y cuadros del Documento tecnico de sanidad, educacion y cuidados 2025","INE - Tablas de Mortalidad, tabla API 27153","Ministerio de Sanidad - Estadistica de Gasto Sanitario Publico, Principales resultados 2022","Ministerio de Sanidad - Informe del Grupo de Trabajo de Analisis del Gasto Sanitario 2005","Estimacion propia: total por edad AIReF 2022 x anos-persona INE 2022; reparto por categoria mediante pesos EGSP 2022 y perfiles relativos por edad del IGTGS 2005.","No es un cruce oficial categoria sanitaria x edad. Urgencias y salud mental no se separan porque no se ha localizado fuente institucional compatible. Perfil IGTGS ambulatoria aplicado como proxy de primaria; no es equivalencia perfecta."
"2022","Espana","Ambos sexos","70 a 74","70","74","farmacia","Farmacia","Farmacia","estimado","2940.06","22.1847","652.2426","4.164723","2716.4084","farmacia","3.21","AIReF - Graficos y cuadros del Documento tecnico de sanidad, educacion y cuidados 2025","INE - Tablas de Mortalidad, tabla API 27153","Ministerio de Sanidad - Estadistica de Gasto Sanitario Publico, Principales resultados 2022","Ministerio de Sanidad - Informe del Grupo de Trabajo de Analisis del Gasto Sanitario 2005","Estimacion propia: total por edad AIReF 2022 x anos-persona INE 2022; reparto por categoria mediante pesos EGSP 2022 y perfiles relativos por edad del IGTGS 2005.","No es un cruce oficial categoria sanitaria x edad. Urgencias y salud mental no se separan porque no se ha localizado fuente institucional compatible. Perfil IGTGS farmacia."
"2022","Espana","Ambos sexos","70 a 74","70","74","protesis_traslados","Protesis y traslados","Traslado, protesis y aparatos terapeuticos","estimado","2940.06","0.7863","23.1181","4.164723","96.2806","plano","1","AIReF - Graficos y cuadros del Documento tecnico de sanidad, educacion y cuidados 2025","INE - Tablas de Mortalidad, tabla API 27153","Ministerio de Sanidad - Estadistica de Gasto Sanitario Publico, Principales resultados 2022","Ministerio de Sanidad - Informe del Grupo de Trabajo de Analisis del Gasto Sanitario 2005","Estimacion propia: total por edad AIReF 2022 x anos-persona INE 2022; reparto por categoria mediante pesos EGSP 2022 y perfiles relativos por edad del IGTGS 2005.","No es un cruce oficial categoria sanitaria x edad. Urgencias y salud mental no se separan porque no se ha localizado fuente institucional compatible. Sin perfil por edad localizado en la transformacion; reparto plano como residual menor."
"2022","Espana","Ambos sexos","70 a 74","70","74","salud_publica_colectivos_capital","Salud publica, colectivos y capital","Salud publica, servicios colectivos y gasto de capital","estimado","2940.06","4.0259","118.3643","4.164723","492.9544","plano","1","AIReF - Graficos y cuadros del Documento tecnico de sanidad, educacion y cuidados 2025","INE - Tablas de Mortalidad, tabla API 27153","Ministerio de Sanidad - Estadistica de Gasto Sanitario Publico, Principales resultados 2022","Ministerio de Sanidad - Informe del Grupo de Trabajo de Analisis del Gasto Sanitario 2005","Estimacion propia: total por edad AIReF 2022 x anos-persona INE 2022; reparto por categoria mediante pesos EGSP 2022 y perfiles relativos por edad del IGTGS 2005.","No es un cruce oficial categoria sanitaria x edad. Urgencias y salud mental no se separan porque no se ha localizado fuente institucional compatible. Agrega funciones sin perfil de edad compatible; reparto plano como residual."
"2022","Espana","Ambos sexos","75 a 79","75","79","hospitalaria_especializada","Hospitalaria y especializada","Servicios hospitalarios y especializados","estimado","3250.51","66.6433","2166.2464","3.753828","8131.7126","hospitalaria","3.116","AIReF - Graficos y cuadros del Documento tecnico de sanidad, educacion y cuidados 2025","INE - Tablas de Mortalidad, tabla API 27153","Ministerio de Sanidad - Estadistica de Gasto Sanitario Publico, Principales resultados 2022","Ministerio de Sanidad - Informe del Grupo de Trabajo de Analisis del Gasto Sanitario 2005","Estimacion propia: total por edad AIReF 2022 x anos-persona INE 2022; reparto por categoria mediante pesos EGSP 2022 y perfiles relativos por edad del IGTGS 2005.","No es un cruce oficial categoria sanitaria x edad. Urgencias y salud mental no se separan porque no se ha localizado fuente institucional compatible. Perfil IGTGS hospitalaria aplicado como proxy."
"2022","Espana","Ambos sexos","75 a 79","75","79","atencion_primaria","Atencion primaria","Servicios primarios de salud","estimado","3250.51","7.4373","241.7497","3.753828","907.4864","ambulatoria","1.484","AIReF - Graficos y cuadros del Documento tecnico de sanidad, educacion y cuidados 2025","INE - Tablas de Mortalidad, tabla API 27153","Ministerio de Sanidad - Estadistica de Gasto Sanitario Publico, Principales resultados 2022","Ministerio de Sanidad - Informe del Grupo de Trabajo de Analisis del Gasto Sanitario 2005","Estimacion propia: total por edad AIReF 2022 x anos-persona INE 2022; reparto por categoria mediante pesos EGSP 2022 y perfiles relativos por edad del IGTGS 2005.","No es un cruce oficial categoria sanitaria x edad. Urgencias y salud mental no se separan porque no se ha localizado fuente institucional compatible. Perfil IGTGS ambulatoria aplicado como proxy de primaria; no es equivalencia perfecta."
"2022","Espana","Ambos sexos","75 a 79","75","79","farmacia","Farmacia","Farmacia","estimado","3250.51","22.3072","725.0981","3.753828","2721.8923","farmacia","4.3","AIReF - Graficos y cuadros del Documento tecnico de sanidad, educacion y cuidados 2025","INE - Tablas de Mortalidad, tabla API 27153","Ministerio de Sanidad - Estadistica de Gasto Sanitario Publico, Principales resultados 2022","Ministerio de Sanidad - Informe del Grupo de Trabajo de Analisis del Gasto Sanitario 2005","Estimacion propia: total por edad AIReF 2022 x anos-persona INE 2022; reparto por categoria mediante pesos EGSP 2022 y perfiles relativos por edad del IGTGS 2005.","No es un cruce oficial categoria sanitaria x edad. Urgencias y salud mental no se separan porque no se ha localizado fuente institucional compatible. Perfil IGTGS farmacia."
"2022","Espana","Ambos sexos","75 a 79","75","79","protesis_traslados","Protesis y traslados","Traslado, protesis y aparatos terapeuticos","estimado","3250.51","0.5902","19.1857","3.753828","72.0197","plano","1","AIReF - Graficos y cuadros del Documento tecnico de sanidad, educacion y cuidados 2025","INE - Tablas de Mortalidad, tabla API 27153","Ministerio de Sanidad - Estadistica de Gasto Sanitario Publico, Principales resultados 2022","Ministerio de Sanidad - Informe del Grupo de Trabajo de Analisis del Gasto Sanitario 2005","Estimacion propia: total por edad AIReF 2022 x anos-persona INE 2022; reparto por categoria mediante pesos EGSP 2022 y perfiles relativos por edad del IGTGS 2005.","No es un cruce oficial categoria sanitaria x edad. Urgencias y salud mental no se separan porque no se ha localizado fuente institucional compatible. Sin perfil por edad localizado en la transformacion; reparto plano como residual menor."
"2022","Espana","Ambos sexos","75 a 79","75","79","salud_publica_colectivos_capital","Salud publica, colectivos y capital","Salud publica, servicios colectivos y gasto de capital","estimado","3250.51","3.022","98.2302","3.753828","368.7391","plano","1","AIReF - Graficos y cuadros del Documento tecnico de sanidad, educacion y cuidados 2025","INE - Tablas de Mortalidad, tabla API 27153","Ministerio de Sanidad - Estadistica de Gasto Sanitario Publico, Principales resultados 2022","Ministerio de Sanidad - Informe del Grupo de Trabajo de Analisis del Gasto Sanitario 2005","Estimacion propia: total por edad AIReF 2022 x anos-persona INE 2022; reparto por categoria mediante pesos EGSP 2022 y perfiles relativos por edad del IGTGS 2005.","No es un cruce oficial categoria sanitaria x edad. Urgencias y salud mental no se separan porque no se ha localizado fuente institucional compatible. Agrega funciones sin perfil de edad compatible; reparto plano como residual."
"2022","Espana","Ambos sexos","80 a 84","80","84","hospitalaria_especializada","Hospitalaria y especializada","Servicios hospitalarios y especializados","estimado","3506.02","66.6433","2336.5266","3.130972","7315.599","hospitalaria","3.116","AIReF - Graficos y cuadros del Documento tecnico de sanidad, educacion y cuidados 2025","INE - Tablas de Mortalidad, tabla API 27153","Ministerio de Sanidad - Estadistica de Gasto Sanitario Publico, Principales resultados 2022","Ministerio de Sanidad - Informe del Grupo de Trabajo de Analisis del Gasto Sanitario 2005","Estimacion propia: total por edad AIReF 2022 x anos-persona INE 2022; reparto por categoria mediante pesos EGSP 2022 y perfiles relativos por edad del IGTGS 2005.","No es un cruce oficial categoria sanitaria x edad. Urgencias y salud mental no se separan porque no se ha localizado fuente institucional compatible. Perfil IGTGS hospitalaria aplicado como proxy."
"2022","Espana","Ambos sexos","80 a 84","80","84","atencion_primaria","Atencion primaria","Servicios primarios de salud","estimado","3506.02","7.4373","260.7527","3.130972","816.4094","ambulatoria","1.484","AIReF - Graficos y cuadros del Documento tecnico de sanidad, educacion y cuidados 2025","INE - Tablas de Mortalidad, tabla API 27153","Ministerio de Sanidad - Estadistica de Gasto Sanitario Publico, Principales resultados 2022","Ministerio de Sanidad - Informe del Grupo de Trabajo de Analisis del Gasto Sanitario 2005","Estimacion propia: total por edad AIReF 2022 x anos-persona INE 2022; reparto por categoria mediante pesos EGSP 2022 y perfiles relativos por edad del IGTGS 2005.","No es un cruce oficial categoria sanitaria x edad. Urgencias y salud mental no se separan porque no se ha localizado fuente institucional compatible. Perfil IGTGS ambulatoria aplicado como proxy de primaria; no es equivalencia perfecta."
"2022","Espana","Ambos sexos","80 a 84","80","84","farmacia","Farmacia","Farmacia","estimado","3506.02","22.3072","782.0952","3.130972","2448.7182","farmacia","4.3","AIReF - Graficos y cuadros del Documento tecnico de sanidad, educacion y cuidados 2025","INE - Tablas de Mortalidad, tabla API 27153","Ministerio de Sanidad - Estadistica de Gasto Sanitario Publico, Principales resultados 2022","Ministerio de Sanidad - Informe del Grupo de Trabajo de Analisis del Gasto Sanitario 2005","Estimacion propia: total por edad AIReF 2022 x anos-persona INE 2022; reparto por categoria mediante pesos EGSP 2022 y perfiles relativos por edad del IGTGS 2005.","No es un cruce oficial categoria sanitaria x edad. Urgencias y salud mental no se separan porque no se ha localizado fuente institucional compatible. Perfil IGTGS farmacia."
"2022","Espana","Ambos sexos","80 a 84","80","84","protesis_traslados","Protesis y traslados","Traslado, protesis y aparatos terapeuticos","estimado","3506.02","0.5902","20.6938","3.130972","64.7917","plano","1","AIReF - Graficos y cuadros del Documento tecnico de sanidad, educacion y cuidados 2025","INE - Tablas de Mortalidad, tabla API 27153","Ministerio de Sanidad - Estadistica de Gasto Sanitario Publico, Principales resultados 2022","Ministerio de Sanidad - Informe del Grupo de Trabajo de Analisis del Gasto Sanitario 2005","Estimacion propia: total por edad AIReF 2022 x anos-persona INE 2022; reparto por categoria mediante pesos EGSP 2022 y perfiles relativos por edad del IGTGS 2005.","No es un cruce oficial categoria sanitaria x edad. Urgencias y salud mental no se separan porque no se ha localizado fuente institucional compatible. Sin perfil por edad localizado en la transformacion; reparto plano como residual menor."
"2022","Espana","Ambos sexos","80 a 84","80","84","salud_publica_colectivos_capital","Salud publica, colectivos y capital","Salud publica, servicios colectivos y gasto de capital","estimado","3506.02","3.022","105.9517","3.130972","331.7318","plano","1","AIReF - Graficos y cuadros del Documento tecnico de sanidad, educacion y cuidados 2025","INE - Tablas de Mortalidad, tabla API 27153","Ministerio de Sanidad - Estadistica de Gasto Sanitario Publico, Principales resultados 2022","Ministerio de Sanidad - Informe del Grupo de Trabajo de Analisis del Gasto Sanitario 2005","Estimacion propia: total por edad AIReF 2022 x anos-persona INE 2022; reparto por categoria mediante pesos EGSP 2022 y perfiles relativos por edad del IGTGS 2005.","No es un cruce oficial categoria sanitaria x edad. Urgencias y salud mental no se separan porque no se ha localizado fuente institucional compatible. Agrega funciones sin perfil de edad compatible; reparto plano como residual."
"2022","Espana","Ambos sexos","85 a 89","85","89","hospitalaria_especializada","Hospitalaria y especializada","Servicios hospitalarios y especializados","estimado","3825.57","66.6433","2549.4852","2.210676","5636.0818","hospitalaria","3.116","AIReF - Graficos y cuadros del Documento tecnico de sanidad, educacion y cuidados 2025","INE - Tablas de Mortalidad, tabla API 27153","Ministerio de Sanidad - Estadistica de Gasto Sanitario Publico, Principales resultados 2022","Ministerio de Sanidad - Informe del Grupo de Trabajo de Analisis del Gasto Sanitario 2005","Estimacion propia: total por edad AIReF 2022 x anos-persona INE 2022; reparto por categoria mediante pesos EGSP 2022 y perfiles relativos por edad del IGTGS 2005.","No es un cruce oficial categoria sanitaria x edad. Urgencias y salud mental no se separan porque no se ha localizado fuente institucional compatible. Perfil IGTGS hospitalaria aplicado como proxy."
"2022","Espana","Ambos sexos","85 a 89","85","89","atencion_primaria","Atencion primaria","Servicios primarios de salud","estimado","3825.57","7.4373","284.5185","2.210676","628.9779","ambulatoria","1.484","AIReF - Graficos y cuadros del Documento tecnico de sanidad, educacion y cuidados 2025","INE - Tablas de Mortalidad, tabla API 27153","Ministerio de Sanidad - Estadistica de Gasto Sanitario Publico, Principales resultados 2022","Ministerio de Sanidad - Informe del Grupo de Trabajo de Analisis del Gasto Sanitario 2005","Estimacion propia: total por edad AIReF 2022 x anos-persona INE 2022; reparto por categoria mediante pesos EGSP 2022 y perfiles relativos por edad del IGTGS 2005.","No es un cruce oficial categoria sanitaria x edad. Urgencias y salud mental no se separan porque no se ha localizado fuente institucional compatible. Perfil IGTGS ambulatoria aplicado como proxy de primaria; no es equivalencia perfecta."
"2022","Espana","Ambos sexos","85 a 89","85","89","farmacia","Farmacia","Farmacia","estimado","3825.57","22.3072","853.3779","2.210676","1886.5408","farmacia","4.3","AIReF - Graficos y cuadros del Documento tecnico de sanidad, educacion y cuidados 2025","INE - Tablas de Mortalidad, tabla API 27153","Ministerio de Sanidad - Estadistica de Gasto Sanitario Publico, Principales resultados 2022","Ministerio de Sanidad - Informe del Grupo de Trabajo de Analisis del Gasto Sanitario 2005","Estimacion propia: total por edad AIReF 2022 x anos-persona INE 2022; reparto por categoria mediante pesos EGSP 2022 y perfiles relativos por edad del IGTGS 2005.","No es un cruce oficial categoria sanitaria x edad. Urgencias y salud mental no se separan porque no se ha localizado fuente institucional compatible. Perfil IGTGS farmacia."
"2022","Espana","Ambos sexos","85 a 89","85","89","protesis_traslados","Protesis y traslados","Traslado, protesis y aparatos terapeuticos","estimado","3825.57","0.5902","22.5799","2.210676","49.9168","plano","1","AIReF - Graficos y cuadros del Documento tecnico de sanidad, educacion y cuidados 2025","INE - Tablas de Mortalidad, tabla API 27153","Ministerio de Sanidad - Estadistica de Gasto Sanitario Publico, Principales resultados 2022","Ministerio de Sanidad - Informe del Grupo de Trabajo de Analisis del Gasto Sanitario 2005","Estimacion propia: total por edad AIReF 2022 x anos-persona INE 2022; reparto por categoria mediante pesos EGSP 2022 y perfiles relativos por edad del IGTGS 2005.","No es un cruce oficial categoria sanitaria x edad. Urgencias y salud mental no se separan porque no se ha localizado fuente institucional compatible. Sin perfil por edad localizado en la transformacion; reparto plano como residual menor."
"2022","Espana","Ambos sexos","85 a 89","85","89","salud_publica_colectivos_capital","Salud publica, colectivos y capital","Salud publica, servicios colectivos y gasto de capital","estimado","3825.57","3.022","115.6085","2.210676","255.5727","plano","1","AIReF - Graficos y cuadros del Documento tecnico de sanidad, educacion y cuidados 2025","INE - Tablas de Mortalidad, tabla API 27153","Ministerio de Sanidad - Estadistica de Gasto Sanitario Publico, Principales resultados 2022","Ministerio de Sanidad - Informe del Grupo de Trabajo de Analisis del Gasto Sanitario 2005","Estimacion propia: total por edad AIReF 2022 x anos-persona INE 2022; reparto por categoria mediante pesos EGSP 2022 y perfiles relativos por edad del IGTGS 2005.","No es un cruce oficial categoria sanitaria x edad. Urgencias y salud mental no se separan porque no se ha localizado fuente institucional compatible. Agrega funciones sin perfil de edad compatible; reparto plano como residual."
"2022","Espana","Ambos sexos","90 a 94","90","94","hospitalaria_especializada","Hospitalaria y especializada","Servicios hospitalarios y especializados","estimado","4048.46","66.6433","2698.0264","1.126205","3038.5335","hospitalaria","3.116","AIReF - Graficos y cuadros del Documento tecnico de sanidad, educacion y cuidados 2025","INE - Tablas de Mortalidad, tabla API 27153","Ministerio de Sanidad - Estadistica de Gasto Sanitario Publico, Principales resultados 2022","Ministerio de Sanidad - Informe del Grupo de Trabajo de Analisis del Gasto Sanitario 2005","Estimacion propia: total por edad AIReF 2022 x anos-persona INE 2022; reparto por categoria mediante pesos EGSP 2022 y perfiles relativos por edad del IGTGS 2005.","No es un cruce oficial categoria sanitaria x edad. Urgencias y salud mental no se separan porque no se ha localizado fuente institucional compatible. Perfil IGTGS hospitalaria aplicado como proxy."
"2022","Espana","Ambos sexos","90 a 94","90","94","atencion_primaria","Atencion primaria","Servicios primarios de salud","estimado","4048.46","7.4373","301.0955","1.126205","339.0956","ambulatoria","1.484","AIReF - Graficos y cuadros del Documento tecnico de sanidad, educacion y cuidados 2025","INE - Tablas de Mortalidad, tabla API 27153","Ministerio de Sanidad - Estadistica de Gasto Sanitario Publico, Principales resultados 2022","Ministerio de Sanidad - Informe del Grupo de Trabajo de Analisis del Gasto Sanitario 2005","Estimacion propia: total por edad AIReF 2022 x anos-persona INE 2022; reparto por categoria mediante pesos EGSP 2022 y perfiles relativos por edad del IGTGS 2005.","No es un cruce oficial categoria sanitaria x edad. Urgencias y salud mental no se separan porque no se ha localizado fuente institucional compatible. Perfil IGTGS ambulatoria aplicado como proxy de primaria; no es equivalencia perfecta."
"2022","Espana","Ambos sexos","90 a 94","90","94","farmacia","Farmacia","Farmacia","estimado","4048.46","22.3072","903.0985","1.126205","1017.0749","farmacia","4.3","AIReF - Graficos y cuadros del Documento tecnico de sanidad, educacion y cuidados 2025","INE - Tablas de Mortalidad, tabla API 27153","Ministerio de Sanidad - Estadistica de Gasto Sanitario Publico, Principales resultados 2022","Ministerio de Sanidad - Informe del Grupo de Trabajo de Analisis del Gasto Sanitario 2005","Estimacion propia: total por edad AIReF 2022 x anos-persona INE 2022; reparto por categoria mediante pesos EGSP 2022 y perfiles relativos por edad del IGTGS 2005.","No es un cruce oficial categoria sanitaria x edad. Urgencias y salud mental no se separan porque no se ha localizado fuente institucional compatible. Perfil IGTGS farmacia."
"2022","Espana","Ambos sexos","90 a 94","90","94","protesis_traslados","Protesis y traslados","Traslado, protesis y aparatos terapeuticos","estimado","4048.46","0.5902","23.8955","1.126205","26.9112","plano","1","AIReF - Graficos y cuadros del Documento tecnico de sanidad, educacion y cuidados 2025","INE - Tablas de Mortalidad, tabla API 27153","Ministerio de Sanidad - Estadistica de Gasto Sanitario Publico, Principales resultados 2022","Ministerio de Sanidad - Informe del Grupo de Trabajo de Analisis del Gasto Sanitario 2005","Estimacion propia: total por edad AIReF 2022 x anos-persona INE 2022; reparto por categoria mediante pesos EGSP 2022 y perfiles relativos por edad del IGTGS 2005.","No es un cruce oficial categoria sanitaria x edad. Urgencias y salud mental no se separan porque no se ha localizado fuente institucional compatible. Sin perfil por edad localizado en la transformacion; reparto plano como residual menor."
"2022","Espana","Ambos sexos","90 a 94","90","94","salud_publica_colectivos_capital","Salud publica, colectivos y capital","Salud publica, servicios colectivos y gasto de capital","estimado","4048.46","3.022","122.3442","1.126205","137.7848","plano","1","AIReF - Graficos y cuadros del Documento tecnico de sanidad, educacion y cuidados 2025","INE - Tablas de Mortalidad, tabla API 27153","Ministerio de Sanidad - Estadistica de Gasto Sanitario Publico, Principales resultados 2022","Ministerio de Sanidad - Informe del Grupo de Trabajo de Analisis del Gasto Sanitario 2005","Estimacion propia: total por edad AIReF 2022 x anos-persona INE 2022; reparto por categoria mediante pesos EGSP 2022 y perfiles relativos por edad del IGTGS 2005.","No es un cruce oficial categoria sanitaria x edad. Urgencias y salud mental no se separan porque no se ha localizado fuente institucional compatible. Agrega funciones sin perfil de edad compatible; reparto plano como residual."
"2022","Espana","Ambos sexos","95 y más","95","100","hospitalaria_especializada","Hospitalaria y especializada","Servicios hospitalarios y especializados","estimado","3896.17","66.6433","2596.5353","0.345328","896.652","hospitalaria","3.116","AIReF - Graficos y cuadros del Documento tecnico de sanidad, educacion y cuidados 2025","INE - Tablas de Mortalidad, tabla API 27153","Ministerio de Sanidad - Estadistica de Gasto Sanitario Publico, Principales resultados 2022","Ministerio de Sanidad - Informe del Grupo de Trabajo de Analisis del Gasto Sanitario 2005","Estimacion propia: total por edad AIReF 2022 x anos-persona INE 2022; reparto por categoria mediante pesos EGSP 2022 y perfiles relativos por edad del IGTGS 2005.","No es un cruce oficial categoria sanitaria x edad. Urgencias y salud mental no se separan porque no se ha localizado fuente institucional compatible. Perfil IGTGS hospitalaria aplicado como proxy."
"2022","Espana","Ambos sexos","95 y más","95","100","atencion_primaria","Atencion primaria","Servicios primarios de salud","estimado","3896.17","7.4373","289.7693","0.345328","100.065","ambulatoria","1.484","AIReF - Graficos y cuadros del Documento tecnico de sanidad, educacion y cuidados 2025","INE - Tablas de Mortalidad, tabla API 27153","Ministerio de Sanidad - Estadistica de Gasto Sanitario Publico, Principales resultados 2022","Ministerio de Sanidad - Informe del Grupo de Trabajo de Analisis del Gasto Sanitario 2005","Estimacion propia: total por edad AIReF 2022 x anos-persona INE 2022; reparto por categoria mediante pesos EGSP 2022 y perfiles relativos por edad del IGTGS 2005.","No es un cruce oficial categoria sanitaria x edad. Urgencias y salud mental no se separan porque no se ha localizado fuente institucional compatible. Perfil IGTGS ambulatoria aplicado como proxy de primaria; no es equivalencia perfecta."
"2022","Espana","Ambos sexos","95 y más","95","100","farmacia","Farmacia","Farmacia","estimado","3896.17","22.3072","869.1268","0.345328","300.1324","farmacia","4.3","AIReF - Graficos y cuadros del Documento tecnico de sanidad, educacion y cuidados 2025","INE - Tablas de Mortalidad, tabla API 27153","Ministerio de Sanidad - Estadistica de Gasto Sanitario Publico, Principales resultados 2022","Ministerio de Sanidad - Informe del Grupo de Trabajo de Analisis del Gasto Sanitario 2005","Estimacion propia: total por edad AIReF 2022 x anos-persona INE 2022; reparto por categoria mediante pesos EGSP 2022 y perfiles relativos por edad del IGTGS 2005.","No es un cruce oficial categoria sanitaria x edad. Urgencias y salud mental no se separan porque no se ha localizado fuente institucional compatible. Perfil IGTGS farmacia."
"2022","Espana","Ambos sexos","95 y más","95","100","protesis_traslados","Protesis y traslados","Traslado, protesis y aparatos terapeuticos","estimado","3896.17","0.5902","22.9966","0.345328","7.9413","plano","1","AIReF - Graficos y cuadros del Documento tecnico de sanidad, educacion y cuidados 2025","INE - Tablas de Mortalidad, tabla API 27153","Ministerio de Sanidad - Estadistica de Gasto Sanitario Publico, Principales resultados 2022","Ministerio de Sanidad - Informe del Grupo de Trabajo de Analisis del Gasto Sanitario 2005","Estimacion propia: total por edad AIReF 2022 x anos-persona INE 2022; reparto por categoria mediante pesos EGSP 2022 y perfiles relativos por edad del IGTGS 2005.","No es un cruce oficial categoria sanitaria x edad. Urgencias y salud mental no se separan porque no se ha localizado fuente institucional compatible. Sin perfil por edad localizado en la transformacion; reparto plano como residual menor."
"2022","Espana","Ambos sexos","95 y más","95","100","salud_publica_colectivos_capital","Salud publica, colectivos y capital","Salud publica, servicios colectivos y gasto de capital","estimado","3896.17","3.022","117.742","0.345328","40.6594","plano","1","AIReF - Graficos y cuadros del Documento tecnico de sanidad, educacion y cuidados 2025","INE - Tablas de Mortalidad, tabla API 27153","Ministerio de Sanidad - Estadistica de Gasto Sanitario Publico, Principales resultados 2022","Ministerio de Sanidad - Informe del Grupo de Trabajo de Analisis del Gasto Sanitario 2005","Estimacion propia: total por edad AIReF 2022 x anos-persona INE 2022; reparto por categoria mediante pesos EGSP 2022 y perfiles relativos por edad del IGTGS 2005.","No es un cruce oficial categoria sanitaria x edad. Urgencias y salud mental no se separan porque no se ha localizado fuente institucional compatible. Agrega funciones sin perfil de edad compatible; reparto plano como residual."
