"anio","ambito_geografico","sexo","edad_referencia","indicador","estado_dato","tipo_dato_ine","fuente","url_api","esperanza_vida_restante_anios"
"1975","Total Nacional","Hombres","65 años","Esperanza de vida restante a edad de referencia","observado","Definitivo","INE - Tablas de Mortalidad, tabla API 27150","https://servicios.ine.es/wstempus/js/ES/DATOS_TABLA/27150?tip=AM","13.615294"
"1975","Total Nacional","Mujeres","65 años","Esperanza de vida restante a edad de referencia","observado","Definitivo","INE - Tablas de Mortalidad, tabla API 27150","https://servicios.ine.es/wstempus/js/ES/DATOS_TABLA/27150?tip=AM","16.487511"
"1975","Total Nacional","Hombres","66 años","Esperanza de vida restante a edad de referencia","observado","Definitivo","INE - Tablas de Mortalidad, tabla API 27150","https://servicios.ine.es/wstempus/js/ES/DATOS_TABLA/27150?tip=AM","12.95258"
"1975","Total Nacional","Mujeres","66 años","Esperanza de vida restante a edad de referencia","observado","Definitivo","INE - Tablas de Mortalidad, tabla API 27150","https://servicios.ine.es/wstempus/js/ES/DATOS_TABLA/27150?tip=AM","15.702259"
"1975","Total Nacional","Hombres","67 años","Esperanza de vida restante a edad de referencia","observado","Definitivo","INE - Tablas de Mortalidad, tabla API 27150","https://servicios.ine.es/wstempus/js/ES/DATOS_TABLA/27150?tip=AM","12.321731"
"1975","Total Nacional","Mujeres","67 años","Esperanza de vida restante a edad de referencia","observado","Definitivo","INE - Tablas de Mortalidad, tabla API 27150","https://servicios.ine.es/wstempus/js/ES/DATOS_TABLA/27150?tip=AM","14.923777"
"1976","Total Nacional","Hombres","65 años","Esperanza de vida restante a edad de referencia","observado","Definitivo","INE - Tablas de Mortalidad, tabla API 27150","https://servicios.ine.es/wstempus/js/ES/DATOS_TABLA/27150?tip=AM","13.704686"
"1976","Total Nacional","Mujeres","65 años","Esperanza de vida restante a edad de referencia","observado","Definitivo","INE - Tablas de Mortalidad, tabla API 27150","https://servicios.ine.es/wstempus/js/ES/DATOS_TABLA/27150?tip=AM","16.629665"
"1976","Total Nacional","Hombres","66 años","Esperanza de vida restante a edad de referencia","observado","Definitivo","INE - Tablas de Mortalidad, tabla API 27150","https://servicios.ine.es/wstempus/js/ES/DATOS_TABLA/27150?tip=AM","13.05042"
"1976","Total Nacional","Mujeres","66 años","Esperanza de vida restante a edad de referencia","observado","Definitivo","INE - Tablas de Mortalidad, tabla API 27150","https://servicios.ine.es/wstempus/js/ES/DATOS_TABLA/27150?tip=AM","15.839026"
"1976","Total Nacional","Hombres","67 años","Esperanza de vida restante a edad de referencia","observado","Definitivo","INE - Tablas de Mortalidad, tabla API 27150","https://servicios.ine.es/wstempus/js/ES/DATOS_TABLA/27150?tip=AM","12.422047"
"1976","Total Nacional","Mujeres","67 años","Esperanza de vida restante a edad de referencia","observado","Definitivo","INE - Tablas de Mortalidad, tabla API 27150","https://servicios.ine.es/wstempus/js/ES/DATOS_TABLA/27150?tip=AM","15.061141"
"1977","Total Nacional","Hombres","65 años","Esperanza de vida restante a edad de referencia","observado","Definitivo","INE - Tablas de Mortalidad, tabla API 27150","https://servicios.ine.es/wstempus/js/ES/DATOS_TABLA/27150?tip=AM","13.999911"
"1977","Total Nacional","Mujeres","65 años","Esperanza de vida restante a edad de referencia","observado","Definitivo","INE - Tablas de Mortalidad, tabla API 27150","https://servicios.ine.es/wstempus/js/ES/DATOS_TABLA/27150?tip=AM","16.939317"
"1977","Total Nacional","Hombres","66 años","Esperanza de vida restante a edad de referencia","observado","Definitivo","INE - Tablas de Mortalidad, tabla API 27150","https://servicios.ine.es/wstempus/js/ES/DATOS_TABLA/27150?tip=AM","13.341877"
"1977","Total Nacional","Mujeres","66 años","Esperanza de vida restante a edad de referencia","observado","Definitivo","INE - Tablas de Mortalidad, tabla API 27150","https://servicios.ine.es/wstempus/js/ES/DATOS_TABLA/27150?tip=AM","16.139507"
"1977","Total Nacional","Hombres","67 años","Esperanza de vida restante a edad de referencia","observado","Definitivo","INE - Tablas de Mortalidad, tabla API 27150","https://servicios.ine.es/wstempus/js/ES/DATOS_TABLA/27150?tip=AM","12.690989"
"1977","Total Nacional","Mujeres","67 años","Esperanza de vida restante a edad de referencia","observado","Definitivo","INE - Tablas de Mortalidad, tabla API 27150","https://servicios.ine.es/wstempus/js/ES/DATOS_TABLA/27150?tip=AM","15.362443"
"1978","Total Nacional","Hombres","65 años","Esperanza de vida restante a edad de referencia","observado","Definitivo","INE - Tablas de Mortalidad, tabla API 27150","https://servicios.ine.es/wstempus/js/ES/DATOS_TABLA/27150?tip=AM","14.125558"
"1978","Total Nacional","Mujeres","65 años","Esperanza de vida restante a edad de referencia","observado","Definitivo","INE - Tablas de Mortalidad, tabla API 27150","https://servicios.ine.es/wstempus/js/ES/DATOS_TABLA/27150?tip=AM","17.113947"
"1978","Total Nacional","Hombres","66 años","Esperanza de vida restante a edad de referencia","observado","Definitivo","INE - Tablas de Mortalidad, tabla API 27150","https://servicios.ine.es/wstempus/js/ES/DATOS_TABLA/27150?tip=AM","13.463298"
"1978","Total Nacional","Mujeres","66 años","Esperanza de vida restante a edad de referencia","observado","Definitivo","INE - Tablas de Mortalidad, tabla API 27150","https://servicios.ine.es/wstempus/js/ES/DATOS_TABLA/27150?tip=AM","16.308628"
"1978","Total Nacional","Hombres","67 años","Esperanza de vida restante a edad de referencia","observado","Definitivo","INE - Tablas de Mortalidad, tabla API 27150","https://servicios.ine.es/wstempus/js/ES/DATOS_TABLA/27150?tip=AM","12.813247"
"1978","Total Nacional","Mujeres","67 años","Esperanza de vida restante a edad de referencia","observado","Definitivo","INE - Tablas de Mortalidad, tabla API 27150","https://servicios.ine.es/wstempus/js/ES/DATOS_TABLA/27150?tip=AM","15.52073"
"1979","Total Nacional","Hombres","65 años","Esperanza de vida restante a edad de referencia","observado","Definitivo","INE - Tablas de Mortalidad, tabla API 27150","https://servicios.ine.es/wstempus/js/ES/DATOS_TABLA/27150?tip=AM","14.395381"
"1979","Total Nacional","Mujeres","65 años","Esperanza de vida restante a edad de referencia","observado","Definitivo","INE - Tablas de Mortalidad, tabla API 27150","https://servicios.ine.es/wstempus/js/ES/DATOS_TABLA/27150?tip=AM","17.495567"
"1979","Total Nacional","Hombres","66 años","Esperanza de vida restante a edad de referencia","observado","Definitivo","INE - Tablas de Mortalidad, tabla API 27150","https://servicios.ine.es/wstempus/js/ES/DATOS_TABLA/27150?tip=AM","13.712587"
"1979","Total Nacional","Mujeres","66 años","Esperanza de vida restante a edad de referencia","observado","Definitivo","INE - Tablas de Mortalidad, tabla API 27150","https://servicios.ine.es/wstempus/js/ES/DATOS_TABLA/27150?tip=AM","16.688908"
"1979","Total Nacional","Hombres","67 años","Esperanza de vida restante a edad de referencia","observado","Definitivo","INE - Tablas de Mortalidad, tabla API 27150","https://servicios.ine.es/wstempus/js/ES/DATOS_TABLA/27150?tip=AM","13.058401"
"1979","Total Nacional","Mujeres","67 años","Esperanza de vida restante a edad de referencia","observado","Definitivo","INE - Tablas de Mortalidad, tabla API 27150","https://servicios.ine.es/wstempus/js/ES/DATOS_TABLA/27150?tip=AM","15.890503"
"1980","Total Nacional","Hombres","65 años","Esperanza de vida restante a edad de referencia","observado","Definitivo","INE - Tablas de Mortalidad, tabla API 27150","https://servicios.ine.es/wstempus/js/ES/DATOS_TABLA/27150?tip=AM","14.602133"
"1980","Total Nacional","Mujeres","65 años","Esperanza de vida restante a edad de referencia","observado","Definitivo","INE - Tablas de Mortalidad, tabla API 27150","https://servicios.ine.es/wstempus/js/ES/DATOS_TABLA/27150?tip=AM","17.711332"
"1980","Total Nacional","Hombres","66 años","Esperanza de vida restante a edad de referencia","observado","Definitivo","INE - Tablas de Mortalidad, tabla API 27150","https://servicios.ine.es/wstempus/js/ES/DATOS_TABLA/27150?tip=AM","13.922404"
"1980","Total Nacional","Mujeres","66 años","Esperanza de vida restante a edad de referencia","observado","Definitivo","INE - Tablas de Mortalidad, tabla API 27150","https://servicios.ine.es/wstempus/js/ES/DATOS_TABLA/27150?tip=AM","16.899951"
"1980","Total Nacional","Hombres","67 años","Esperanza de vida restante a edad de referencia","observado","Definitivo","INE - Tablas de Mortalidad, tabla API 27150","https://servicios.ine.es/wstempus/js/ES/DATOS_TABLA/27150?tip=AM","13.255945"
"1980","Total Nacional","Mujeres","67 años","Esperanza de vida restante a edad de referencia","observado","Definitivo","INE - Tablas de Mortalidad, tabla API 27150","https://servicios.ine.es/wstempus/js/ES/DATOS_TABLA/27150?tip=AM","16.0898"
"1981","Total Nacional","Hombres","65 años","Esperanza de vida restante a edad de referencia","observado","Definitivo","INE - Tablas de Mortalidad, tabla API 27150","https://servicios.ine.es/wstempus/js/ES/DATOS_TABLA/27150?tip=AM","14.643757"
"1981","Total Nacional","Mujeres","65 años","Esperanza de vida restante a edad de referencia","observado","Definitivo","INE - Tablas de Mortalidad, tabla API 27150","https://servicios.ine.es/wstempus/js/ES/DATOS_TABLA/27150?tip=AM","17.81846"
"1981","Total Nacional","Hombres","66 años","Esperanza de vida restante a edad de referencia","observado","Definitivo","INE - Tablas de Mortalidad, tabla API 27150","https://servicios.ine.es/wstempus/js/ES/DATOS_TABLA/27150?tip=AM","13.958085"
"1981","Total Nacional","Mujeres","66 años","Esperanza de vida restante a edad de referencia","observado","Definitivo","INE - Tablas de Mortalidad, tabla API 27150","https://servicios.ine.es/wstempus/js/ES/DATOS_TABLA/27150?tip=AM","17.001651"
"1981","Total Nacional","Hombres","67 años","Esperanza de vida restante a edad de referencia","observado","Definitivo","INE - Tablas de Mortalidad, tabla API 27150","https://servicios.ine.es/wstempus/js/ES/DATOS_TABLA/27150?tip=AM","13.300698"
"1981","Total Nacional","Mujeres","67 años","Esperanza de vida restante a edad de referencia","observado","Definitivo","INE - Tablas de Mortalidad, tabla API 27150","https://servicios.ine.es/wstempus/js/ES/DATOS_TABLA/27150?tip=AM","16.197096"
"1982","Total Nacional","Hombres","65 años","Esperanza de vida restante a edad de referencia","observado","Definitivo","INE - Tablas de Mortalidad, tabla API 27150","https://servicios.ine.es/wstempus/js/ES/DATOS_TABLA/27150?tip=AM","15.009954"
"1982","Total Nacional","Mujeres","65 años","Esperanza de vida restante a edad de referencia","observado","Definitivo","INE - Tablas de Mortalidad, tabla API 27150","https://servicios.ine.es/wstempus/js/ES/DATOS_TABLA/27150?tip=AM","18.187389"
"1982","Total Nacional","Hombres","66 años","Esperanza de vida restante a edad de referencia","observado","Definitivo","INE - Tablas de Mortalidad, tabla API 27150","https://servicios.ine.es/wstempus/js/ES/DATOS_TABLA/27150?tip=AM","14.320787"
"1982","Total Nacional","Mujeres","66 años","Esperanza de vida restante a edad de referencia","observado","Definitivo","INE - Tablas de Mortalidad, tabla API 27150","https://servicios.ine.es/wstempus/js/ES/DATOS_TABLA/27150?tip=AM","17.366299"
"1982","Total Nacional","Hombres","67 años","Esperanza de vida restante a edad de referencia","observado","Definitivo","INE - Tablas de Mortalidad, tabla API 27150","https://servicios.ine.es/wstempus/js/ES/DATOS_TABLA/27150?tip=AM","13.648465"
"1982","Total Nacional","Mujeres","67 años","Esperanza de vida restante a edad de referencia","observado","Definitivo","INE - Tablas de Mortalidad, tabla API 27150","https://servicios.ine.es/wstempus/js/ES/DATOS_TABLA/27150?tip=AM","16.552779"
"1983","Total Nacional","Hombres","65 años","Esperanza de vida restante a edad de referencia","observado","Definitivo","INE - Tablas de Mortalidad, tabla API 27150","https://servicios.ine.es/wstempus/js/ES/DATOS_TABLA/27150?tip=AM","14.829925"
"1983","Total Nacional","Mujeres","65 años","Esperanza de vida restante a edad de referencia","observado","Definitivo","INE - Tablas de Mortalidad, tabla API 27150","https://servicios.ine.es/wstempus/js/ES/DATOS_TABLA/27150?tip=AM","17.993135"
"1983","Total Nacional","Hombres","66 años","Esperanza de vida restante a edad de referencia","observado","Definitivo","INE - Tablas de Mortalidad, tabla API 27150","https://servicios.ine.es/wstempus/js/ES/DATOS_TABLA/27150?tip=AM","14.142665"
"1983","Total Nacional","Mujeres","66 años","Esperanza de vida restante a edad de referencia","observado","Definitivo","INE - Tablas de Mortalidad, tabla API 27150","https://servicios.ine.es/wstempus/js/ES/DATOS_TABLA/27150?tip=AM","17.178273"
"1983","Total Nacional","Hombres","67 años","Esperanza de vida restante a edad de referencia","observado","Definitivo","INE - Tablas de Mortalidad, tabla API 27150","https://servicios.ine.es/wstempus/js/ES/DATOS_TABLA/27150?tip=AM","13.473852"
"1983","Total Nacional","Mujeres","67 años","Esperanza de vida restante a edad de referencia","observado","Definitivo","INE - Tablas de Mortalidad, tabla API 27150","https://servicios.ine.es/wstempus/js/ES/DATOS_TABLA/27150?tip=AM","16.363354"
"1984","Total Nacional","Hombres","65 años","Esperanza de vida restante a edad de referencia","observado","Definitivo","INE - Tablas de Mortalidad, tabla API 27150","https://servicios.ine.es/wstempus/js/ES/DATOS_TABLA/27150?tip=AM","15.037714"
"1984","Total Nacional","Mujeres","65 años","Esperanza de vida restante a edad de referencia","observado","Definitivo","INE - Tablas de Mortalidad, tabla API 27150","https://servicios.ine.es/wstempus/js/ES/DATOS_TABLA/27150?tip=AM","18.376665"
"1984","Total Nacional","Hombres","66 años","Esperanza de vida restante a edad de referencia","observado","Definitivo","INE - Tablas de Mortalidad, tabla API 27150","https://servicios.ine.es/wstempus/js/ES/DATOS_TABLA/27150?tip=AM","14.360772"
"1984","Total Nacional","Mujeres","66 años","Esperanza de vida restante a edad de referencia","observado","Definitivo","INE - Tablas de Mortalidad, tabla API 27150","https://servicios.ine.es/wstempus/js/ES/DATOS_TABLA/27150?tip=AM","17.555054"
"1984","Total Nacional","Hombres","67 años","Esperanza de vida restante a edad de referencia","observado","Definitivo","INE - Tablas de Mortalidad, tabla API 27150","https://servicios.ine.es/wstempus/js/ES/DATOS_TABLA/27150?tip=AM","13.68751"
"1984","Total Nacional","Mujeres","67 años","Esperanza de vida restante a edad de referencia","observado","Definitivo","INE - Tablas de Mortalidad, tabla API 27150","https://servicios.ine.es/wstempus/js/ES/DATOS_TABLA/27150?tip=AM","16.727774"
"1985","Total Nacional","Hombres","65 años","Esperanza de vida restante a edad de referencia","observado","Definitivo","INE - Tablas de Mortalidad, tabla API 27150","https://servicios.ine.es/wstempus/js/ES/DATOS_TABLA/27150?tip=AM","14.892544"
"1985","Total Nacional","Mujeres","65 años","Esperanza de vida restante a edad de referencia","observado","Definitivo","INE - Tablas de Mortalidad, tabla API 27150","https://servicios.ine.es/wstempus/js/ES/DATOS_TABLA/27150?tip=AM","18.254524"
"1985","Total Nacional","Hombres","66 años","Esperanza de vida restante a edad de referencia","observado","Definitivo","INE - Tablas de Mortalidad, tabla API 27150","https://servicios.ine.es/wstempus/js/ES/DATOS_TABLA/27150?tip=AM","14.22554"
"1985","Total Nacional","Mujeres","66 años","Esperanza de vida restante a edad de referencia","observado","Definitivo","INE - Tablas de Mortalidad, tabla API 27150","https://servicios.ine.es/wstempus/js/ES/DATOS_TABLA/27150?tip=AM","17.433292"
"1985","Total Nacional","Hombres","67 años","Esperanza de vida restante a edad de referencia","observado","Definitivo","INE - Tablas de Mortalidad, tabla API 27150","https://servicios.ine.es/wstempus/js/ES/DATOS_TABLA/27150?tip=AM","13.544829"
"1985","Total Nacional","Mujeres","67 años","Esperanza de vida restante a edad de referencia","observado","Definitivo","INE - Tablas de Mortalidad, tabla API 27150","https://servicios.ine.es/wstempus/js/ES/DATOS_TABLA/27150?tip=AM","16.617051"
"1986","Total Nacional","Hombres","65 años","Esperanza de vida restante a edad de referencia","observado","Definitivo","INE - Tablas de Mortalidad, tabla API 27150","https://servicios.ine.es/wstempus/js/ES/DATOS_TABLA/27150?tip=AM","15.190286"
"1986","Total Nacional","Mujeres","65 años","Esperanza de vida restante a edad de referencia","observado","Definitivo","INE - Tablas de Mortalidad, tabla API 27150","https://servicios.ine.es/wstempus/js/ES/DATOS_TABLA/27150?tip=AM","18.492898"
"1986","Total Nacional","Hombres","66 años","Esperanza de vida restante a edad de referencia","observado","Definitivo","INE - Tablas de Mortalidad, tabla API 27150","https://servicios.ine.es/wstempus/js/ES/DATOS_TABLA/27150?tip=AM","14.499389"
"1986","Total Nacional","Mujeres","66 años","Esperanza de vida restante a edad de referencia","observado","Definitivo","INE - Tablas de Mortalidad, tabla API 27150","https://servicios.ine.es/wstempus/js/ES/DATOS_TABLA/27150?tip=AM","17.659736"
"1986","Total Nacional","Hombres","67 años","Esperanza de vida restante a edad de referencia","observado","Definitivo","INE - Tablas de Mortalidad, tabla API 27150","https://servicios.ine.es/wstempus/js/ES/DATOS_TABLA/27150?tip=AM","13.834334"
"1986","Total Nacional","Mujeres","67 años","Esperanza de vida restante a edad de referencia","observado","Definitivo","INE - Tablas de Mortalidad, tabla API 27150","https://servicios.ine.es/wstempus/js/ES/DATOS_TABLA/27150?tip=AM","16.842943"
"1987","Total Nacional","Hombres","65 años","Esperanza de vida restante a edad de referencia","observado","Definitivo","INE - Tablas de Mortalidad, tabla API 27150","https://servicios.ine.es/wstempus/js/ES/DATOS_TABLA/27150?tip=AM","15.393712"
"1987","Total Nacional","Mujeres","65 años","Esperanza de vida restante a edad de referencia","observado","Definitivo","INE - Tablas de Mortalidad, tabla API 27150","https://servicios.ine.es/wstempus/js/ES/DATOS_TABLA/27150?tip=AM","18.80976"
"1987","Total Nacional","Hombres","66 años","Esperanza de vida restante a edad de referencia","observado","Definitivo","INE - Tablas de Mortalidad, tabla API 27150","https://servicios.ine.es/wstempus/js/ES/DATOS_TABLA/27150?tip=AM","14.706083"
"1987","Total Nacional","Mujeres","66 años","Esperanza de vida restante a edad de referencia","observado","Definitivo","INE - Tablas de Mortalidad, tabla API 27150","https://servicios.ine.es/wstempus/js/ES/DATOS_TABLA/27150?tip=AM","17.977926"
"1987","Total Nacional","Hombres","67 años","Esperanza de vida restante a edad de referencia","observado","Definitivo","INE - Tablas de Mortalidad, tabla API 27150","https://servicios.ine.es/wstempus/js/ES/DATOS_TABLA/27150?tip=AM","14.030396"
"1987","Total Nacional","Mujeres","67 años","Esperanza de vida restante a edad de referencia","observado","Definitivo","INE - Tablas de Mortalidad, tabla API 27150","https://servicios.ine.es/wstempus/js/ES/DATOS_TABLA/27150?tip=AM","17.161443"
"1988","Total Nacional","Hombres","65 años","Esperanza de vida restante a edad de referencia","observado","Definitivo","INE - Tablas de Mortalidad, tabla API 27150","https://servicios.ine.es/wstempus/js/ES/DATOS_TABLA/27150?tip=AM","15.405377"
"1988","Total Nacional","Mujeres","65 años","Esperanza de vida restante a edad de referencia","observado","Definitivo","INE - Tablas de Mortalidad, tabla API 27150","https://servicios.ine.es/wstempus/js/ES/DATOS_TABLA/27150?tip=AM","18.867929"
"1988","Total Nacional","Hombres","66 años","Esperanza de vida restante a edad de referencia","observado","Definitivo","INE - Tablas de Mortalidad, tabla API 27150","https://servicios.ine.es/wstempus/js/ES/DATOS_TABLA/27150?tip=AM","14.721411"
"1988","Total Nacional","Mujeres","66 años","Esperanza de vida restante a edad de referencia","observado","Definitivo","INE - Tablas de Mortalidad, tabla API 27150","https://servicios.ine.es/wstempus/js/ES/DATOS_TABLA/27150?tip=AM","18.029011"
"1988","Total Nacional","Hombres","67 años","Esperanza de vida restante a edad de referencia","observado","Definitivo","INE - Tablas de Mortalidad, tabla API 27150","https://servicios.ine.es/wstempus/js/ES/DATOS_TABLA/27150?tip=AM","14.038731"
"1988","Total Nacional","Mujeres","67 años","Esperanza de vida restante a edad de referencia","observado","Definitivo","INE - Tablas de Mortalidad, tabla API 27150","https://servicios.ine.es/wstempus/js/ES/DATOS_TABLA/27150?tip=AM","17.206891"
"1989","Total Nacional","Hombres","65 años","Esperanza de vida restante a edad de referencia","observado","Definitivo","INE - Tablas de Mortalidad, tabla API 27150","https://servicios.ine.es/wstempus/js/ES/DATOS_TABLA/27150?tip=AM","15.456369"
"1989","Total Nacional","Mujeres","65 años","Esperanza de vida restante a edad de referencia","observado","Definitivo","INE - Tablas de Mortalidad, tabla API 27150","https://servicios.ine.es/wstempus/js/ES/DATOS_TABLA/27150?tip=AM","19.004904"
"1989","Total Nacional","Hombres","66 años","Esperanza de vida restante a edad de referencia","observado","Definitivo","INE - Tablas de Mortalidad, tabla API 27150","https://servicios.ine.es/wstempus/js/ES/DATOS_TABLA/27150?tip=AM","14.768667"
"1989","Total Nacional","Mujeres","66 años","Esperanza de vida restante a edad de referencia","observado","Definitivo","INE - Tablas de Mortalidad, tabla API 27150","https://servicios.ine.es/wstempus/js/ES/DATOS_TABLA/27150?tip=AM","18.164459"
"1989","Total Nacional","Hombres","67 años","Esperanza de vida restante a edad de referencia","observado","Definitivo","INE - Tablas de Mortalidad, tabla API 27150","https://servicios.ine.es/wstempus/js/ES/DATOS_TABLA/27150?tip=AM","14.089051"
"1989","Total Nacional","Mujeres","67 años","Esperanza de vida restante a edad de referencia","observado","Definitivo","INE - Tablas de Mortalidad, tabla API 27150","https://servicios.ine.es/wstempus/js/ES/DATOS_TABLA/27150?tip=AM","17.332403"
"1990","Total Nacional","Hombres","65 años","Esperanza de vida restante a edad de referencia","observado","Definitivo","INE - Tablas de Mortalidad, tabla API 27150","https://servicios.ine.es/wstempus/js/ES/DATOS_TABLA/27150?tip=AM","15.431956"
"1990","Total Nacional","Mujeres","65 años","Esperanza de vida restante a edad de referencia","observado","Definitivo","INE - Tablas de Mortalidad, tabla API 27150","https://servicios.ine.es/wstempus/js/ES/DATOS_TABLA/27150?tip=AM","19.041164"
"1990","Total Nacional","Hombres","66 años","Esperanza de vida restante a edad de referencia","observado","Definitivo","INE - Tablas de Mortalidad, tabla API 27150","https://servicios.ine.es/wstempus/js/ES/DATOS_TABLA/27150?tip=AM","14.745969"
"1990","Total Nacional","Mujeres","66 años","Esperanza de vida restante a edad de referencia","observado","Definitivo","INE - Tablas de Mortalidad, tabla API 27150","https://servicios.ine.es/wstempus/js/ES/DATOS_TABLA/27150?tip=AM","18.201914"
"1990","Total Nacional","Hombres","67 años","Esperanza de vida restante a edad de referencia","observado","Definitivo","INE - Tablas de Mortalidad, tabla API 27150","https://servicios.ine.es/wstempus/js/ES/DATOS_TABLA/27150?tip=AM","14.058817"
"1990","Total Nacional","Mujeres","67 años","Esperanza de vida restante a edad de referencia","observado","Definitivo","INE - Tablas de Mortalidad, tabla API 27150","https://servicios.ine.es/wstempus/js/ES/DATOS_TABLA/27150?tip=AM","17.37057"
"1991","Total Nacional","Hombres","65 años","Esperanza de vida restante a edad de referencia","observado","Definitivo","INE - Tablas de Mortalidad, tabla API 27153","https://servicios.ine.es/wstempus/js/ES/DATOS_TABLA/27153?tip=AM","15.574615"
"1991","Total Nacional","Mujeres","65 años","Esperanza de vida restante a edad de referencia","observado","Definitivo","INE - Tablas de Mortalidad, tabla API 27153","https://servicios.ine.es/wstempus/js/ES/DATOS_TABLA/27153?tip=AM","19.22954"
"1991","Total Nacional","Hombres","66 años","Esperanza de vida restante a edad de referencia","observado","Definitivo","INE - Tablas de Mortalidad, tabla API 27153","https://servicios.ine.es/wstempus/js/ES/DATOS_TABLA/27153?tip=AM","14.878181"
"1991","Total Nacional","Mujeres","66 años","Esperanza de vida restante a edad de referencia","observado","Definitivo","INE - Tablas de Mortalidad, tabla API 27153","https://servicios.ine.es/wstempus/js/ES/DATOS_TABLA/27153?tip=AM","18.382281"
"1991","Total Nacional","Hombres","67 años","Esperanza de vida restante a edad de referencia","observado","Definitivo","INE - Tablas de Mortalidad, tabla API 27153","https://servicios.ine.es/wstempus/js/ES/DATOS_TABLA/27153?tip=AM","14.193566"
"1991","Total Nacional","Mujeres","67 años","Esperanza de vida restante a edad de referencia","observado","Definitivo","INE - Tablas de Mortalidad, tabla API 27153","https://servicios.ine.es/wstempus/js/ES/DATOS_TABLA/27153?tip=AM","17.547889"
"1992","Total Nacional","Hombres","65 años","Esperanza de vida restante a edad de referencia","observado","Definitivo","INE - Tablas de Mortalidad, tabla API 27153","https://servicios.ine.es/wstempus/js/ES/DATOS_TABLA/27153?tip=AM","15.881408"
"1992","Total Nacional","Mujeres","65 años","Esperanza de vida restante a edad de referencia","observado","Definitivo","INE - Tablas de Mortalidad, tabla API 27153","https://servicios.ine.es/wstempus/js/ES/DATOS_TABLA/27153?tip=AM","19.621545"
"1992","Total Nacional","Hombres","66 años","Esperanza de vida restante a edad de referencia","observado","Definitivo","INE - Tablas de Mortalidad, tabla API 27153","https://servicios.ine.es/wstempus/js/ES/DATOS_TABLA/27153?tip=AM","15.181289"
"1992","Total Nacional","Mujeres","66 años","Esperanza de vida restante a edad de referencia","observado","Definitivo","INE - Tablas de Mortalidad, tabla API 27153","https://servicios.ine.es/wstempus/js/ES/DATOS_TABLA/27153?tip=AM","18.772175"
"1992","Total Nacional","Hombres","67 años","Esperanza de vida restante a edad de referencia","observado","Definitivo","INE - Tablas de Mortalidad, tabla API 27153","https://servicios.ine.es/wstempus/js/ES/DATOS_TABLA/27153?tip=AM","14.486478"
"1992","Total Nacional","Mujeres","67 años","Esperanza de vida restante a edad de referencia","observado","Definitivo","INE - Tablas de Mortalidad, tabla API 27153","https://servicios.ine.es/wstempus/js/ES/DATOS_TABLA/27153?tip=AM","17.929088"
"1993","Total Nacional","Hombres","65 años","Esperanza de vida restante a edad de referencia","observado","Definitivo","INE - Tablas de Mortalidad, tabla API 27153","https://servicios.ine.es/wstempus/js/ES/DATOS_TABLA/27153?tip=AM","15.844071"
"1993","Total Nacional","Mujeres","65 años","Esperanza de vida restante a edad de referencia","observado","Definitivo","INE - Tablas de Mortalidad, tabla API 27153","https://servicios.ine.es/wstempus/js/ES/DATOS_TABLA/27153?tip=AM","19.62543"
"1993","Total Nacional","Hombres","66 años","Esperanza de vida restante a edad de referencia","observado","Definitivo","INE - Tablas de Mortalidad, tabla API 27153","https://servicios.ine.es/wstempus/js/ES/DATOS_TABLA/27153?tip=AM","15.13634"
"1993","Total Nacional","Mujeres","66 años","Esperanza de vida restante a edad de referencia","observado","Definitivo","INE - Tablas de Mortalidad, tabla API 27153","https://servicios.ine.es/wstempus/js/ES/DATOS_TABLA/27153?tip=AM","18.781295"
"1993","Total Nacional","Hombres","67 años","Esperanza de vida restante a edad de referencia","observado","Definitivo","INE - Tablas de Mortalidad, tabla API 27153","https://servicios.ine.es/wstempus/js/ES/DATOS_TABLA/27153?tip=AM","14.457983"
"1993","Total Nacional","Mujeres","67 años","Esperanza de vida restante a edad de referencia","observado","Definitivo","INE - Tablas de Mortalidad, tabla API 27153","https://servicios.ine.es/wstempus/js/ES/DATOS_TABLA/27153?tip=AM","17.940704"
"1994","Total Nacional","Hombres","65 años","Esperanza de vida restante a edad de referencia","observado","Definitivo","INE - Tablas de Mortalidad, tabla API 27153","https://servicios.ine.es/wstempus/js/ES/DATOS_TABLA/27153?tip=AM","16.087008"
"1994","Total Nacional","Mujeres","65 años","Esperanza de vida restante a edad de referencia","observado","Definitivo","INE - Tablas de Mortalidad, tabla API 27153","https://servicios.ine.es/wstempus/js/ES/DATOS_TABLA/27153?tip=AM","19.899046"
"1994","Total Nacional","Hombres","66 años","Esperanza de vida restante a edad de referencia","observado","Definitivo","INE - Tablas de Mortalidad, tabla API 27153","https://servicios.ine.es/wstempus/js/ES/DATOS_TABLA/27153?tip=AM","15.379353"
"1994","Total Nacional","Mujeres","66 años","Esperanza de vida restante a edad de referencia","observado","Definitivo","INE - Tablas de Mortalidad, tabla API 27153","https://servicios.ine.es/wstempus/js/ES/DATOS_TABLA/27153?tip=AM","19.050861"
"1994","Total Nacional","Hombres","67 años","Esperanza de vida restante a edad de referencia","observado","Definitivo","INE - Tablas de Mortalidad, tabla API 27153","https://servicios.ine.es/wstempus/js/ES/DATOS_TABLA/27153?tip=AM","14.688994"
"1994","Total Nacional","Mujeres","67 años","Esperanza de vida restante a edad de referencia","observado","Definitivo","INE - Tablas de Mortalidad, tabla API 27153","https://servicios.ine.es/wstempus/js/ES/DATOS_TABLA/27153?tip=AM","18.206764"
"1995","Total Nacional","Hombres","65 años","Esperanza de vida restante a edad de referencia","observado","Definitivo","INE - Tablas de Mortalidad, tabla API 27153","https://servicios.ine.es/wstempus/js/ES/DATOS_TABLA/27153?tip=AM","16.096"
"1995","Total Nacional","Mujeres","65 años","Esperanza de vida restante a edad de referencia","observado","Definitivo","INE - Tablas de Mortalidad, tabla API 27153","https://servicios.ine.es/wstempus/js/ES/DATOS_TABLA/27153?tip=AM","19.977443"
"1995","Total Nacional","Hombres","66 años","Esperanza de vida restante a edad de referencia","observado","Definitivo","INE - Tablas de Mortalidad, tabla API 27153","https://servicios.ine.es/wstempus/js/ES/DATOS_TABLA/27153?tip=AM","15.393725"
"1995","Total Nacional","Mujeres","66 años","Esperanza de vida restante a edad de referencia","observado","Definitivo","INE - Tablas de Mortalidad, tabla API 27153","https://servicios.ine.es/wstempus/js/ES/DATOS_TABLA/27153?tip=AM","19.125868"
"1995","Total Nacional","Hombres","67 años","Esperanza de vida restante a edad de referencia","observado","Definitivo","INE - Tablas de Mortalidad, tabla API 27153","https://servicios.ine.es/wstempus/js/ES/DATOS_TABLA/27153?tip=AM","14.690765"
"1995","Total Nacional","Mujeres","67 años","Esperanza de vida restante a edad de referencia","observado","Definitivo","INE - Tablas de Mortalidad, tabla API 27153","https://servicios.ine.es/wstempus/js/ES/DATOS_TABLA/27153?tip=AM","18.282732"
"1996","Total Nacional","Hombres","65 años","Esperanza de vida restante a edad de referencia","observado","Definitivo","INE - Tablas de Mortalidad, tabla API 27153","https://servicios.ine.es/wstempus/js/ES/DATOS_TABLA/27153?tip=AM","16.158537"
"1996","Total Nacional","Mujeres","65 años","Esperanza de vida restante a edad de referencia","observado","Definitivo","INE - Tablas de Mortalidad, tabla API 27153","https://servicios.ine.es/wstempus/js/ES/DATOS_TABLA/27153?tip=AM","20.079974"
"1996","Total Nacional","Hombres","66 años","Esperanza de vida restante a edad de referencia","observado","Definitivo","INE - Tablas de Mortalidad, tabla API 27153","https://servicios.ine.es/wstempus/js/ES/DATOS_TABLA/27153?tip=AM","15.440543"
"1996","Total Nacional","Mujeres","66 años","Esperanza de vida restante a edad de referencia","observado","Definitivo","INE - Tablas de Mortalidad, tabla API 27153","https://servicios.ine.es/wstempus/js/ES/DATOS_TABLA/27153?tip=AM","19.22109"
"1996","Total Nacional","Hombres","67 años","Esperanza de vida restante a edad de referencia","observado","Definitivo","INE - Tablas de Mortalidad, tabla API 27153","https://servicios.ine.es/wstempus/js/ES/DATOS_TABLA/27153?tip=AM","14.738403"
"1996","Total Nacional","Mujeres","67 años","Esperanza de vida restante a edad de referencia","observado","Definitivo","INE - Tablas de Mortalidad, tabla API 27153","https://servicios.ine.es/wstempus/js/ES/DATOS_TABLA/27153?tip=AM","18.369078"
"1997","Total Nacional","Hombres","65 años","Esperanza de vida restante a edad de referencia","observado","Definitivo","INE - Tablas de Mortalidad, tabla API 27153","https://servicios.ine.es/wstempus/js/ES/DATOS_TABLA/27153?tip=AM","16.299746"
"1997","Total Nacional","Mujeres","65 años","Esperanza de vida restante a edad de referencia","observado","Definitivo","INE - Tablas de Mortalidad, tabla API 27153","https://servicios.ine.es/wstempus/js/ES/DATOS_TABLA/27153?tip=AM","20.262486"
"1997","Total Nacional","Hombres","66 años","Esperanza de vida restante a edad de referencia","observado","Definitivo","INE - Tablas de Mortalidad, tabla API 27153","https://servicios.ine.es/wstempus/js/ES/DATOS_TABLA/27153?tip=AM","15.578119"
"1997","Total Nacional","Mujeres","66 años","Esperanza de vida restante a edad de referencia","observado","Definitivo","INE - Tablas de Mortalidad, tabla API 27153","https://servicios.ine.es/wstempus/js/ES/DATOS_TABLA/27153?tip=AM","19.397645"
"1997","Total Nacional","Hombres","67 años","Esperanza de vida restante a edad de referencia","observado","Definitivo","INE - Tablas de Mortalidad, tabla API 27153","https://servicios.ine.es/wstempus/js/ES/DATOS_TABLA/27153?tip=AM","14.878126"
"1997","Total Nacional","Mujeres","67 años","Esperanza de vida restante a edad de referencia","observado","Definitivo","INE - Tablas de Mortalidad, tabla API 27153","https://servicios.ine.es/wstempus/js/ES/DATOS_TABLA/27153?tip=AM","18.546729"
"1998","Total Nacional","Hombres","65 años","Esperanza de vida restante a edad de referencia","observado","Definitivo","INE - Tablas de Mortalidad, tabla API 27153","https://servicios.ine.es/wstempus/js/ES/DATOS_TABLA/27153?tip=AM","16.215089"
"1998","Total Nacional","Mujeres","65 años","Esperanza de vida restante a edad de referencia","observado","Definitivo","INE - Tablas de Mortalidad, tabla API 27153","https://servicios.ine.es/wstempus/js/ES/DATOS_TABLA/27153?tip=AM","20.218052"
"1998","Total Nacional","Hombres","66 años","Esperanza de vida restante a edad de referencia","observado","Definitivo","INE - Tablas de Mortalidad, tabla API 27153","https://servicios.ine.es/wstempus/js/ES/DATOS_TABLA/27153?tip=AM","15.491457"
"1998","Total Nacional","Mujeres","66 años","Esperanza de vida restante a edad de referencia","observado","Definitivo","INE - Tablas de Mortalidad, tabla API 27153","https://servicios.ine.es/wstempus/js/ES/DATOS_TABLA/27153?tip=AM","19.353575"
"1998","Total Nacional","Hombres","67 años","Esperanza de vida restante a edad de referencia","observado","Definitivo","INE - Tablas de Mortalidad, tabla API 27153","https://servicios.ine.es/wstempus/js/ES/DATOS_TABLA/27153?tip=AM","14.774187"
"1998","Total Nacional","Mujeres","67 años","Esperanza de vida restante a edad de referencia","observado","Definitivo","INE - Tablas de Mortalidad, tabla API 27153","https://servicios.ine.es/wstempus/js/ES/DATOS_TABLA/27153?tip=AM","18.496722"
"1999","Total Nacional","Hombres","65 años","Esperanza de vida restante a edad de referencia","observado","Definitivo","INE - Tablas de Mortalidad, tabla API 27153","https://servicios.ine.es/wstempus/js/ES/DATOS_TABLA/27153?tip=AM","16.166991"
"1999","Total Nacional","Mujeres","65 años","Esperanza de vida restante a edad de referencia","observado","Definitivo","INE - Tablas de Mortalidad, tabla API 27153","https://servicios.ine.es/wstempus/js/ES/DATOS_TABLA/27153?tip=AM","20.195169"
"1999","Total Nacional","Hombres","66 años","Esperanza de vida restante a edad de referencia","observado","Definitivo","INE - Tablas de Mortalidad, tabla API 27153","https://servicios.ine.es/wstempus/js/ES/DATOS_TABLA/27153?tip=AM","15.440504"
"1999","Total Nacional","Mujeres","66 años","Esperanza de vida restante a edad de referencia","observado","Definitivo","INE - Tablas de Mortalidad, tabla API 27153","https://servicios.ine.es/wstempus/js/ES/DATOS_TABLA/27153?tip=AM","19.328598"
"1999","Total Nacional","Hombres","67 años","Esperanza de vida restante a edad de referencia","observado","Definitivo","INE - Tablas de Mortalidad, tabla API 27153","https://servicios.ine.es/wstempus/js/ES/DATOS_TABLA/27153?tip=AM","14.742245"
"1999","Total Nacional","Mujeres","67 años","Esperanza de vida restante a edad de referencia","observado","Definitivo","INE - Tablas de Mortalidad, tabla API 27153","https://servicios.ine.es/wstempus/js/ES/DATOS_TABLA/27153?tip=AM","18.464061"
"2000","Total Nacional","Hombres","65 años","Esperanza de vida restante a edad de referencia","observado","Definitivo","INE - Tablas de Mortalidad, tabla API 27153","https://servicios.ine.es/wstempus/js/ES/DATOS_TABLA/27153?tip=AM","16.607801"
"2000","Total Nacional","Mujeres","65 años","Esperanza de vida restante a edad de referencia","observado","Definitivo","INE - Tablas de Mortalidad, tabla API 27153","https://servicios.ine.es/wstempus/js/ES/DATOS_TABLA/27153?tip=AM","20.564943"
"2000","Total Nacional","Hombres","66 años","Esperanza de vida restante a edad de referencia","observado","Definitivo","INE - Tablas de Mortalidad, tabla API 27153","https://servicios.ine.es/wstempus/js/ES/DATOS_TABLA/27153?tip=AM","15.885278"
"2000","Total Nacional","Mujeres","66 años","Esperanza de vida restante a edad de referencia","observado","Definitivo","INE - Tablas de Mortalidad, tabla API 27153","https://servicios.ine.es/wstempus/js/ES/DATOS_TABLA/27153?tip=AM","19.697061"
"2000","Total Nacional","Hombres","67 años","Esperanza de vida restante a edad de referencia","observado","Definitivo","INE - Tablas de Mortalidad, tabla API 27153","https://servicios.ine.es/wstempus/js/ES/DATOS_TABLA/27153?tip=AM","15.164429"
"2000","Total Nacional","Mujeres","67 años","Esperanza de vida restante a edad de referencia","observado","Definitivo","INE - Tablas de Mortalidad, tabla API 27153","https://servicios.ine.es/wstempus/js/ES/DATOS_TABLA/27153?tip=AM","18.840376"
"2001","Total Nacional","Hombres","65 años","Esperanza de vida restante a edad de referencia","observado","Definitivo","INE - Tablas de Mortalidad, tabla API 27153","https://servicios.ine.es/wstempus/js/ES/DATOS_TABLA/27153?tip=AM","16.814853"
"2001","Total Nacional","Mujeres","65 años","Esperanza de vida restante a edad de referencia","observado","Definitivo","INE - Tablas de Mortalidad, tabla API 27153","https://servicios.ine.es/wstempus/js/ES/DATOS_TABLA/27153?tip=AM","20.827024"
"2001","Total Nacional","Hombres","66 años","Esperanza de vida restante a edad de referencia","observado","Definitivo","INE - Tablas de Mortalidad, tabla API 27153","https://servicios.ine.es/wstempus/js/ES/DATOS_TABLA/27153?tip=AM","16.081796"
"2001","Total Nacional","Mujeres","66 años","Esperanza de vida restante a edad de referencia","observado","Definitivo","INE - Tablas de Mortalidad, tabla API 27153","https://servicios.ine.es/wstempus/js/ES/DATOS_TABLA/27153?tip=AM","19.951115"
"2001","Total Nacional","Hombres","67 años","Esperanza de vida restante a edad de referencia","observado","Definitivo","INE - Tablas de Mortalidad, tabla API 27153","https://servicios.ine.es/wstempus/js/ES/DATOS_TABLA/27153?tip=AM","15.354896"
"2001","Total Nacional","Mujeres","67 años","Esperanza de vida restante a edad de referencia","observado","Definitivo","INE - Tablas de Mortalidad, tabla API 27153","https://servicios.ine.es/wstempus/js/ES/DATOS_TABLA/27153?tip=AM","19.09394"
"2002","Total Nacional","Hombres","65 años","Esperanza de vida restante a edad de referencia","observado","Definitivo","INE - Tablas de Mortalidad, tabla API 27153","https://servicios.ine.es/wstempus/js/ES/DATOS_TABLA/27153?tip=AM","16.859732"
"2002","Total Nacional","Mujeres","65 años","Esperanza de vida restante a edad de referencia","observado","Definitivo","INE - Tablas de Mortalidad, tabla API 27153","https://servicios.ine.es/wstempus/js/ES/DATOS_TABLA/27153?tip=AM","20.871898"
"2002","Total Nacional","Hombres","66 años","Esperanza de vida restante a edad de referencia","observado","Definitivo","INE - Tablas de Mortalidad, tabla API 27153","https://servicios.ine.es/wstempus/js/ES/DATOS_TABLA/27153?tip=AM","16.126063"
"2002","Total Nacional","Mujeres","66 años","Esperanza de vida restante a edad de referencia","observado","Definitivo","INE - Tablas de Mortalidad, tabla API 27153","https://servicios.ine.es/wstempus/js/ES/DATOS_TABLA/27153?tip=AM","19.998198"
"2002","Total Nacional","Hombres","67 años","Esperanza de vida restante a edad de referencia","observado","Definitivo","INE - Tablas de Mortalidad, tabla API 27153","https://servicios.ine.es/wstempus/js/ES/DATOS_TABLA/27153?tip=AM","15.400748"
"2002","Total Nacional","Mujeres","67 años","Esperanza de vida restante a edad de referencia","observado","Definitivo","INE - Tablas de Mortalidad, tabla API 27153","https://servicios.ine.es/wstempus/js/ES/DATOS_TABLA/27153?tip=AM","19.130969"
"2003","Total Nacional","Hombres","65 años","Esperanza de vida restante a edad de referencia","observado","Definitivo","INE - Tablas de Mortalidad, tabla API 27153","https://servicios.ine.es/wstempus/js/ES/DATOS_TABLA/27153?tip=AM","16.831004"
"2003","Total Nacional","Mujeres","65 años","Esperanza de vida restante a edad de referencia","observado","Definitivo","INE - Tablas de Mortalidad, tabla API 27153","https://servicios.ine.es/wstempus/js/ES/DATOS_TABLA/27153?tip=AM","20.756343"
"2003","Total Nacional","Hombres","66 años","Esperanza de vida restante a edad de referencia","observado","Definitivo","INE - Tablas de Mortalidad, tabla API 27153","https://servicios.ine.es/wstempus/js/ES/DATOS_TABLA/27153?tip=AM","16.095865"
"2003","Total Nacional","Mujeres","66 años","Esperanza de vida restante a edad de referencia","observado","Definitivo","INE - Tablas de Mortalidad, tabla API 27153","https://servicios.ine.es/wstempus/js/ES/DATOS_TABLA/27153?tip=AM","19.884163"
"2003","Total Nacional","Hombres","67 años","Esperanza de vida restante a edad de referencia","observado","Definitivo","INE - Tablas de Mortalidad, tabla API 27153","https://servicios.ine.es/wstempus/js/ES/DATOS_TABLA/27153?tip=AM","15.364957"
"2003","Total Nacional","Mujeres","67 años","Esperanza de vida restante a edad de referencia","observado","Definitivo","INE - Tablas de Mortalidad, tabla API 27153","https://servicios.ine.es/wstempus/js/ES/DATOS_TABLA/27153?tip=AM","19.01646"
"2004","Total Nacional","Hombres","65 años","Esperanza de vida restante a edad de referencia","observado","Definitivo","INE - Tablas de Mortalidad, tabla API 27153","https://servicios.ine.es/wstempus/js/ES/DATOS_TABLA/27153?tip=AM","17.217053"
"2004","Total Nacional","Mujeres","65 años","Esperanza de vida restante a edad de referencia","observado","Definitivo","INE - Tablas de Mortalidad, tabla API 27153","https://servicios.ine.es/wstempus/js/ES/DATOS_TABLA/27153?tip=AM","21.22651"
"2004","Total Nacional","Hombres","66 años","Esperanza de vida restante a edad de referencia","observado","Definitivo","INE - Tablas de Mortalidad, tabla API 27153","https://servicios.ine.es/wstempus/js/ES/DATOS_TABLA/27153?tip=AM","16.476186"
"2004","Total Nacional","Mujeres","66 años","Esperanza de vida restante a edad de referencia","observado","Definitivo","INE - Tablas de Mortalidad, tabla API 27153","https://servicios.ine.es/wstempus/js/ES/DATOS_TABLA/27153?tip=AM","20.343262"
"2004","Total Nacional","Hombres","67 años","Esperanza de vida restante a edad de referencia","observado","Definitivo","INE - Tablas de Mortalidad, tabla API 27153","https://servicios.ine.es/wstempus/js/ES/DATOS_TABLA/27153?tip=AM","15.756033"
"2004","Total Nacional","Mujeres","67 años","Esperanza de vida restante a edad de referencia","observado","Definitivo","INE - Tablas de Mortalidad, tabla API 27153","https://servicios.ine.es/wstempus/js/ES/DATOS_TABLA/27153?tip=AM","19.479231"
"2005","Total Nacional","Hombres","65 años","Esperanza de vida restante a edad de referencia","observado","Definitivo","INE - Tablas de Mortalidad, tabla API 27153","https://servicios.ine.es/wstempus/js/ES/DATOS_TABLA/27153?tip=AM","17.125355"
"2005","Total Nacional","Mujeres","65 años","Esperanza de vida restante a edad de referencia","observado","Definitivo","INE - Tablas de Mortalidad, tabla API 27153","https://servicios.ine.es/wstempus/js/ES/DATOS_TABLA/27153?tip=AM","21.110423"
"2005","Total Nacional","Hombres","66 años","Esperanza de vida restante a edad de referencia","observado","Definitivo","INE - Tablas de Mortalidad, tabla API 27153","https://servicios.ine.es/wstempus/js/ES/DATOS_TABLA/27153?tip=AM","16.384605"
"2005","Total Nacional","Mujeres","66 años","Esperanza de vida restante a edad de referencia","observado","Definitivo","INE - Tablas de Mortalidad, tabla API 27153","https://servicios.ine.es/wstempus/js/ES/DATOS_TABLA/27153?tip=AM","20.236588"
"2005","Total Nacional","Hombres","67 años","Esperanza de vida restante a edad de referencia","observado","Definitivo","INE - Tablas de Mortalidad, tabla API 27153","https://servicios.ine.es/wstempus/js/ES/DATOS_TABLA/27153?tip=AM","15.649337"
"2005","Total Nacional","Mujeres","67 años","Esperanza de vida restante a edad de referencia","observado","Definitivo","INE - Tablas de Mortalidad, tabla API 27153","https://servicios.ine.es/wstempus/js/ES/DATOS_TABLA/27153?tip=AM","19.361258"
"2006","Total Nacional","Hombres","65 años","Esperanza de vida restante a edad de referencia","observado","Definitivo","INE - Tablas de Mortalidad, tabla API 27153","https://servicios.ine.es/wstempus/js/ES/DATOS_TABLA/27153?tip=AM","17.698184"
"2006","Total Nacional","Mujeres","65 años","Esperanza de vida restante a edad de referencia","observado","Definitivo","INE - Tablas de Mortalidad, tabla API 27153","https://servicios.ine.es/wstempus/js/ES/DATOS_TABLA/27153?tip=AM","21.666021"
"2006","Total Nacional","Hombres","66 años","Esperanza de vida restante a edad de referencia","observado","Definitivo","INE - Tablas de Mortalidad, tabla API 27153","https://servicios.ine.es/wstempus/js/ES/DATOS_TABLA/27153?tip=AM","16.948016"
"2006","Total Nacional","Mujeres","66 años","Esperanza de vida restante a edad de referencia","observado","Definitivo","INE - Tablas de Mortalidad, tabla API 27153","https://servicios.ine.es/wstempus/js/ES/DATOS_TABLA/27153?tip=AM","20.782968"
"2006","Total Nacional","Hombres","67 años","Esperanza de vida restante a edad de referencia","observado","Definitivo","INE - Tablas de Mortalidad, tabla API 27153","https://servicios.ine.es/wstempus/js/ES/DATOS_TABLA/27153?tip=AM","16.212442"
"2006","Total Nacional","Mujeres","67 años","Esperanza de vida restante a edad de referencia","observado","Definitivo","INE - Tablas de Mortalidad, tabla API 27153","https://servicios.ine.es/wstempus/js/ES/DATOS_TABLA/27153?tip=AM","19.907386"
"2007","Total Nacional","Hombres","65 años","Esperanza de vida restante a edad de referencia","observado","Definitivo","INE - Tablas de Mortalidad, tabla API 27153","https://servicios.ine.es/wstempus/js/ES/DATOS_TABLA/27153?tip=AM","17.637529"
"2007","Total Nacional","Mujeres","65 años","Esperanza de vida restante a edad de referencia","observado","Definitivo","INE - Tablas de Mortalidad, tabla API 27153","https://servicios.ine.es/wstempus/js/ES/DATOS_TABLA/27153?tip=AM","21.667162"
"2007","Total Nacional","Hombres","66 años","Esperanza de vida restante a edad de referencia","observado","Definitivo","INE - Tablas de Mortalidad, tabla API 27153","https://servicios.ine.es/wstempus/js/ES/DATOS_TABLA/27153?tip=AM","16.865289"
"2007","Total Nacional","Mujeres","66 años","Esperanza de vida restante a edad de referencia","observado","Definitivo","INE - Tablas de Mortalidad, tabla API 27153","https://servicios.ine.es/wstempus/js/ES/DATOS_TABLA/27153?tip=AM","20.779079"
"2007","Total Nacional","Hombres","67 años","Esperanza de vida restante a edad de referencia","observado","Definitivo","INE - Tablas de Mortalidad, tabla API 27153","https://servicios.ine.es/wstempus/js/ES/DATOS_TABLA/27153?tip=AM","16.118885"
"2007","Total Nacional","Mujeres","67 años","Esperanza de vida restante a edad de referencia","observado","Definitivo","INE - Tablas de Mortalidad, tabla API 27153","https://servicios.ine.es/wstempus/js/ES/DATOS_TABLA/27153?tip=AM","19.898505"
"2008","Total Nacional","Hombres","65 años","Esperanza de vida restante a edad de referencia","observado","Definitivo","INE - Tablas de Mortalidad, tabla API 27153","https://servicios.ine.es/wstempus/js/ES/DATOS_TABLA/27153?tip=AM","17.940719"
"2008","Total Nacional","Mujeres","65 años","Esperanza de vida restante a edad de referencia","observado","Definitivo","INE - Tablas de Mortalidad, tabla API 27153","https://servicios.ine.es/wstempus/js/ES/DATOS_TABLA/27153?tip=AM","21.833168"
"2008","Total Nacional","Hombres","66 años","Esperanza de vida restante a edad de referencia","observado","Definitivo","INE - Tablas de Mortalidad, tabla API 27153","https://servicios.ine.es/wstempus/js/ES/DATOS_TABLA/27153?tip=AM","17.183532"
"2008","Total Nacional","Mujeres","66 años","Esperanza de vida restante a edad de referencia","observado","Definitivo","INE - Tablas de Mortalidad, tabla API 27153","https://servicios.ine.es/wstempus/js/ES/DATOS_TABLA/27153?tip=AM","20.94809"
"2008","Total Nacional","Hombres","67 años","Esperanza de vida restante a edad de referencia","observado","Definitivo","INE - Tablas de Mortalidad, tabla API 27153","https://servicios.ine.es/wstempus/js/ES/DATOS_TABLA/27153?tip=AM","16.421036"
"2008","Total Nacional","Mujeres","67 años","Esperanza de vida restante a edad de referencia","observado","Definitivo","INE - Tablas de Mortalidad, tabla API 27153","https://servicios.ine.es/wstempus/js/ES/DATOS_TABLA/27153?tip=AM","20.062747"
"2009","Total Nacional","Hombres","65 años","Esperanza de vida restante a edad de referencia","observado","Definitivo","INE - Tablas de Mortalidad, tabla API 27153","https://servicios.ine.es/wstempus/js/ES/DATOS_TABLA/27153?tip=AM","18.116032"
"2009","Total Nacional","Mujeres","65 años","Esperanza de vida restante a edad de referencia","observado","Definitivo","INE - Tablas de Mortalidad, tabla API 27153","https://servicios.ine.es/wstempus/js/ES/DATOS_TABLA/27153?tip=AM","22.096833"
"2009","Total Nacional","Hombres","66 años","Esperanza de vida restante a edad de referencia","observado","Definitivo","INE - Tablas de Mortalidad, tabla API 27153","https://servicios.ine.es/wstempus/js/ES/DATOS_TABLA/27153?tip=AM","17.365788"
"2009","Total Nacional","Mujeres","66 años","Esperanza de vida restante a edad de referencia","observado","Definitivo","INE - Tablas de Mortalidad, tabla API 27153","https://servicios.ine.es/wstempus/js/ES/DATOS_TABLA/27153?tip=AM","21.2132"
"2009","Total Nacional","Hombres","67 años","Esperanza de vida restante a edad de referencia","observado","Definitivo","INE - Tablas de Mortalidad, tabla API 27153","https://servicios.ine.es/wstempus/js/ES/DATOS_TABLA/27153?tip=AM","16.620048"
"2009","Total Nacional","Mujeres","67 años","Esperanza de vida restante a edad de referencia","observado","Definitivo","INE - Tablas de Mortalidad, tabla API 27153","https://servicios.ine.es/wstempus/js/ES/DATOS_TABLA/27153?tip=AM","20.331596"
"2010","Total Nacional","Hombres","65 años","Esperanza de vida restante a edad de referencia","observado","Definitivo","INE - Tablas de Mortalidad, tabla API 27153","https://servicios.ine.es/wstempus/js/ES/DATOS_TABLA/27153?tip=AM","18.401749"
"2010","Total Nacional","Mujeres","65 años","Esperanza de vida restante a edad de referencia","observado","Definitivo","INE - Tablas de Mortalidad, tabla API 27153","https://servicios.ine.es/wstempus/js/ES/DATOS_TABLA/27153?tip=AM","22.41439"
"2010","Total Nacional","Hombres","66 años","Esperanza de vida restante a edad de referencia","observado","Definitivo","INE - Tablas de Mortalidad, tabla API 27153","https://servicios.ine.es/wstempus/js/ES/DATOS_TABLA/27153?tip=AM","17.638067"
"2010","Total Nacional","Mujeres","66 años","Esperanza de vida restante a edad de referencia","observado","Definitivo","INE - Tablas de Mortalidad, tabla API 27153","https://servicios.ine.es/wstempus/js/ES/DATOS_TABLA/27153?tip=AM","21.519035"
"2010","Total Nacional","Hombres","67 años","Esperanza de vida restante a edad de referencia","observado","Definitivo","INE - Tablas de Mortalidad, tabla API 27153","https://servicios.ine.es/wstempus/js/ES/DATOS_TABLA/27153?tip=AM","16.886078"
"2010","Total Nacional","Mujeres","67 años","Esperanza de vida restante a edad de referencia","observado","Definitivo","INE - Tablas de Mortalidad, tabla API 27153","https://servicios.ine.es/wstempus/js/ES/DATOS_TABLA/27153?tip=AM","20.637349"
"2011","Total Nacional","Hombres","65 años","Esperanza de vida restante a edad de referencia","observado","Definitivo","INE - Tablas de Mortalidad, tabla API 27153","https://servicios.ine.es/wstempus/js/ES/DATOS_TABLA/27153?tip=AM","18.550457"
"2011","Total Nacional","Mujeres","65 años","Esperanza de vida restante a edad de referencia","observado","Definitivo","INE - Tablas de Mortalidad, tabla API 27153","https://servicios.ine.es/wstempus/js/ES/DATOS_TABLA/27153?tip=AM","22.533621"
"2011","Total Nacional","Hombres","66 años","Esperanza de vida restante a edad de referencia","observado","Definitivo","INE - Tablas de Mortalidad, tabla API 27153","https://servicios.ine.es/wstempus/js/ES/DATOS_TABLA/27153?tip=AM","17.791186"
"2011","Total Nacional","Mujeres","66 años","Esperanza de vida restante a edad de referencia","observado","Definitivo","INE - Tablas de Mortalidad, tabla API 27153","https://servicios.ine.es/wstempus/js/ES/DATOS_TABLA/27153?tip=AM","21.645566"
"2011","Total Nacional","Hombres","67 años","Esperanza de vida restante a edad de referencia","observado","Definitivo","INE - Tablas de Mortalidad, tabla API 27153","https://servicios.ine.es/wstempus/js/ES/DATOS_TABLA/27153?tip=AM","17.031398"
"2011","Total Nacional","Mujeres","67 años","Esperanza de vida restante a edad de referencia","observado","Definitivo","INE - Tablas de Mortalidad, tabla API 27153","https://servicios.ine.es/wstempus/js/ES/DATOS_TABLA/27153?tip=AM","20.755603"
"2012","Total Nacional","Hombres","65 años","Esperanza de vida restante a edad de referencia","observado","Definitivo","INE - Tablas de Mortalidad, tabla API 27153","https://servicios.ine.es/wstempus/js/ES/DATOS_TABLA/27153?tip=AM","18.501623"
"2012","Total Nacional","Mujeres","65 años","Esperanza de vida restante a edad de referencia","observado","Definitivo","INE - Tablas de Mortalidad, tabla API 27153","https://servicios.ine.es/wstempus/js/ES/DATOS_TABLA/27153?tip=AM","22.430074"
"2012","Total Nacional","Hombres","66 años","Esperanza de vida restante a edad de referencia","observado","Definitivo","INE - Tablas de Mortalidad, tabla API 27153","https://servicios.ine.es/wstempus/js/ES/DATOS_TABLA/27153?tip=AM","17.729088"
"2012","Total Nacional","Mujeres","66 años","Esperanza de vida restante a edad de referencia","observado","Definitivo","INE - Tablas de Mortalidad, tabla API 27153","https://servicios.ine.es/wstempus/js/ES/DATOS_TABLA/27153?tip=AM","21.532083"
"2012","Total Nacional","Hombres","67 años","Esperanza de vida restante a edad de referencia","observado","Definitivo","INE - Tablas de Mortalidad, tabla API 27153","https://servicios.ine.es/wstempus/js/ES/DATOS_TABLA/27153?tip=AM","16.971625"
"2012","Total Nacional","Mujeres","67 años","Esperanza de vida restante a edad de referencia","observado","Definitivo","INE - Tablas de Mortalidad, tabla API 27153","https://servicios.ine.es/wstempus/js/ES/DATOS_TABLA/27153?tip=AM","20.647878"
"2013","Total Nacional","Hombres","65 años","Esperanza de vida restante a edad de referencia","observado","Definitivo","INE - Tablas de Mortalidad, tabla API 27153","https://servicios.ine.es/wstempus/js/ES/DATOS_TABLA/27153?tip=AM","18.908904"
"2013","Total Nacional","Mujeres","65 años","Esperanza de vida restante a edad de referencia","observado","Definitivo","INE - Tablas de Mortalidad, tabla API 27153","https://servicios.ine.es/wstempus/js/ES/DATOS_TABLA/27153?tip=AM","22.838982"
"2013","Total Nacional","Hombres","66 años","Esperanza de vida restante a edad de referencia","observado","Definitivo","INE - Tablas de Mortalidad, tabla API 27153","https://servicios.ine.es/wstempus/js/ES/DATOS_TABLA/27153?tip=AM","18.156667"
"2013","Total Nacional","Mujeres","66 años","Esperanza de vida restante a edad de referencia","observado","Definitivo","INE - Tablas de Mortalidad, tabla API 27153","https://servicios.ine.es/wstempus/js/ES/DATOS_TABLA/27153?tip=AM","21.950458"
"2013","Total Nacional","Hombres","67 años","Esperanza de vida restante a edad de referencia","observado","Definitivo","INE - Tablas de Mortalidad, tabla API 27153","https://servicios.ine.es/wstempus/js/ES/DATOS_TABLA/27153?tip=AM","17.39325"
"2013","Total Nacional","Mujeres","67 años","Esperanza de vida restante a edad de referencia","observado","Definitivo","INE - Tablas de Mortalidad, tabla API 27153","https://servicios.ine.es/wstempus/js/ES/DATOS_TABLA/27153?tip=AM","21.061739"
"2014","Total Nacional","Hombres","65 años","Esperanza de vida restante a edad de referencia","observado","Definitivo","INE - Tablas de Mortalidad, tabla API 27153","https://servicios.ine.es/wstempus/js/ES/DATOS_TABLA/27153?tip=AM","19.031288"
"2014","Total Nacional","Mujeres","65 años","Esperanza de vida restante a edad de referencia","observado","Definitivo","INE - Tablas de Mortalidad, tabla API 27153","https://servicios.ine.es/wstempus/js/ES/DATOS_TABLA/27153?tip=AM","22.914167"
"2014","Total Nacional","Hombres","66 años","Esperanza de vida restante a edad de referencia","observado","Definitivo","INE - Tablas de Mortalidad, tabla API 27153","https://servicios.ine.es/wstempus/js/ES/DATOS_TABLA/27153?tip=AM","18.265064"
"2014","Total Nacional","Mujeres","66 años","Esperanza de vida restante a edad de referencia","observado","Definitivo","INE - Tablas de Mortalidad, tabla API 27153","https://servicios.ine.es/wstempus/js/ES/DATOS_TABLA/27153?tip=AM","22.024724"
"2014","Total Nacional","Hombres","67 años","Esperanza de vida restante a edad de referencia","observado","Definitivo","INE - Tablas de Mortalidad, tabla API 27153","https://servicios.ine.es/wstempus/js/ES/DATOS_TABLA/27153?tip=AM","17.515644"
"2014","Total Nacional","Mujeres","67 años","Esperanza de vida restante a edad de referencia","observado","Definitivo","INE - Tablas de Mortalidad, tabla API 27153","https://servicios.ine.es/wstempus/js/ES/DATOS_TABLA/27153?tip=AM","21.142466"
"2015","Total Nacional","Hombres","65 años","Esperanza de vida restante a edad de referencia","observado","Definitivo","INE - Tablas de Mortalidad, tabla API 27153","https://servicios.ine.es/wstempus/js/ES/DATOS_TABLA/27153?tip=AM","18.757179"
"2015","Total Nacional","Mujeres","65 años","Esperanza de vida restante a edad de referencia","observado","Definitivo","INE - Tablas de Mortalidad, tabla API 27153","https://servicios.ine.es/wstempus/js/ES/DATOS_TABLA/27153?tip=AM","22.632743"
"2015","Total Nacional","Hombres","66 años","Esperanza de vida restante a edad de referencia","observado","Definitivo","INE - Tablas de Mortalidad, tabla API 27153","https://servicios.ine.es/wstempus/js/ES/DATOS_TABLA/27153?tip=AM","17.981685"
"2015","Total Nacional","Mujeres","66 años","Esperanza de vida restante a edad de referencia","observado","Definitivo","INE - Tablas de Mortalidad, tabla API 27153","https://servicios.ine.es/wstempus/js/ES/DATOS_TABLA/27153?tip=AM","21.740009"
"2015","Total Nacional","Hombres","67 años","Esperanza de vida restante a edad de referencia","observado","Definitivo","INE - Tablas de Mortalidad, tabla API 27153","https://servicios.ine.es/wstempus/js/ES/DATOS_TABLA/27153?tip=AM","17.22089"
"2015","Total Nacional","Mujeres","67 años","Esperanza de vida restante a edad de referencia","observado","Definitivo","INE - Tablas de Mortalidad, tabla API 27153","https://servicios.ine.es/wstempus/js/ES/DATOS_TABLA/27153?tip=AM","20.857104"
"2016","Total Nacional","Hombres","65 años","Esperanza de vida restante a edad de referencia","observado","Definitivo","INE - Tablas de Mortalidad, tabla API 27153","https://servicios.ine.es/wstempus/js/ES/DATOS_TABLA/27153?tip=AM","19.094945"
"2016","Total Nacional","Mujeres","65 años","Esperanza de vida restante a edad de referencia","observado","Definitivo","INE - Tablas de Mortalidad, tabla API 27153","https://servicios.ine.es/wstempus/js/ES/DATOS_TABLA/27153?tip=AM","23.03389"
"2016","Total Nacional","Hombres","66 años","Esperanza de vida restante a edad de referencia","observado","Definitivo","INE - Tablas de Mortalidad, tabla API 27153","https://servicios.ine.es/wstempus/js/ES/DATOS_TABLA/27153?tip=AM","18.330452"
"2016","Total Nacional","Mujeres","66 años","Esperanza de vida restante a edad de referencia","observado","Definitivo","INE - Tablas de Mortalidad, tabla API 27153","https://servicios.ine.es/wstempus/js/ES/DATOS_TABLA/27153?tip=AM","22.150399"
"2016","Total Nacional","Hombres","67 años","Esperanza de vida restante a edad de referencia","observado","Definitivo","INE - Tablas de Mortalidad, tabla API 27153","https://servicios.ine.es/wstempus/js/ES/DATOS_TABLA/27153?tip=AM","17.572602"
"2016","Total Nacional","Mujeres","67 años","Esperanza de vida restante a edad de referencia","observado","Definitivo","INE - Tablas de Mortalidad, tabla API 27153","https://servicios.ine.es/wstempus/js/ES/DATOS_TABLA/27153?tip=AM","21.2682"
"2017","Total Nacional","Hombres","65 años","Esperanza de vida restante a edad de referencia","observado","Definitivo","INE - Tablas de Mortalidad, tabla API 27153","https://servicios.ine.es/wstempus/js/ES/DATOS_TABLA/27153?tip=AM","19.066613"
"2017","Total Nacional","Mujeres","65 años","Esperanza de vida restante a edad de referencia","observado","Definitivo","INE - Tablas de Mortalidad, tabla API 27153","https://servicios.ine.es/wstempus/js/ES/DATOS_TABLA/27153?tip=AM","22.94748"
"2017","Total Nacional","Hombres","66 años","Esperanza de vida restante a edad de referencia","observado","Definitivo","INE - Tablas de Mortalidad, tabla API 27153","https://servicios.ine.es/wstempus/js/ES/DATOS_TABLA/27153?tip=AM","18.296496"
"2017","Total Nacional","Mujeres","66 años","Esperanza de vida restante a edad de referencia","observado","Definitivo","INE - Tablas de Mortalidad, tabla API 27153","https://servicios.ine.es/wstempus/js/ES/DATOS_TABLA/27153?tip=AM","22.06215"
"2017","Total Nacional","Hombres","67 años","Esperanza de vida restante a edad de referencia","observado","Definitivo","INE - Tablas de Mortalidad, tabla API 27153","https://servicios.ine.es/wstempus/js/ES/DATOS_TABLA/27153?tip=AM","17.540151"
"2017","Total Nacional","Mujeres","67 años","Esperanza de vida restante a edad de referencia","observado","Definitivo","INE - Tablas de Mortalidad, tabla API 27153","https://servicios.ine.es/wstempus/js/ES/DATOS_TABLA/27153?tip=AM","21.18207"
"2018","Total Nacional","Hombres","65 años","Esperanza de vida restante a edad de referencia","observado","Definitivo","INE - Tablas de Mortalidad, tabla API 27153","https://servicios.ine.es/wstempus/js/ES/DATOS_TABLA/27153?tip=AM","19.14912"
"2018","Total Nacional","Mujeres","65 años","Esperanza de vida restante a edad de referencia","observado","Definitivo","INE - Tablas de Mortalidad, tabla API 27153","https://servicios.ine.es/wstempus/js/ES/DATOS_TABLA/27153?tip=AM","23.044578"
"2018","Total Nacional","Hombres","66 años","Esperanza de vida restante a edad de referencia","observado","Definitivo","INE - Tablas de Mortalidad, tabla API 27153","https://servicios.ine.es/wstempus/js/ES/DATOS_TABLA/27153?tip=AM","18.378653"
"2018","Total Nacional","Mujeres","66 años","Esperanza de vida restante a edad de referencia","observado","Definitivo","INE - Tablas de Mortalidad, tabla API 27153","https://servicios.ine.es/wstempus/js/ES/DATOS_TABLA/27153?tip=AM","22.158844"
"2018","Total Nacional","Hombres","67 años","Esperanza de vida restante a edad de referencia","observado","Definitivo","INE - Tablas de Mortalidad, tabla API 27153","https://servicios.ine.es/wstempus/js/ES/DATOS_TABLA/27153?tip=AM","17.616841"
"2018","Total Nacional","Mujeres","67 años","Esperanza de vida restante a edad de referencia","observado","Definitivo","INE - Tablas de Mortalidad, tabla API 27153","https://servicios.ine.es/wstempus/js/ES/DATOS_TABLA/27153?tip=AM","21.283787"
"2019","Total Nacional","Hombres","65 años","Esperanza de vida restante a edad de referencia","observado","Definitivo","INE - Tablas de Mortalidad, tabla API 27153","https://servicios.ine.es/wstempus/js/ES/DATOS_TABLA/27153?tip=AM","19.437844"
"2019","Total Nacional","Mujeres","65 años","Esperanza de vida restante a edad de referencia","observado","Definitivo","INE - Tablas de Mortalidad, tabla API 27153","https://servicios.ine.es/wstempus/js/ES/DATOS_TABLA/27153?tip=AM","23.378023"
"2019","Total Nacional","Hombres","66 años","Esperanza de vida restante a edad de referencia","observado","Definitivo","INE - Tablas de Mortalidad, tabla API 27153","https://servicios.ine.es/wstempus/js/ES/DATOS_TABLA/27153?tip=AM","18.663411"
"2019","Total Nacional","Mujeres","66 años","Esperanza de vida restante a edad de referencia","observado","Definitivo","INE - Tablas de Mortalidad, tabla API 27153","https://servicios.ine.es/wstempus/js/ES/DATOS_TABLA/27153?tip=AM","22.498186"
"2019","Total Nacional","Hombres","67 años","Esperanza de vida restante a edad de referencia","observado","Definitivo","INE - Tablas de Mortalidad, tabla API 27153","https://servicios.ine.es/wstempus/js/ES/DATOS_TABLA/27153?tip=AM","17.902097"
"2019","Total Nacional","Mujeres","67 años","Esperanza de vida restante a edad de referencia","observado","Definitivo","INE - Tablas de Mortalidad, tabla API 27153","https://servicios.ine.es/wstempus/js/ES/DATOS_TABLA/27153?tip=AM","21.621285"
"2020","Total Nacional","Hombres","65 años","Esperanza de vida restante a edad de referencia","observado","Definitivo","INE - Tablas de Mortalidad, tabla API 27153","https://servicios.ine.es/wstempus/js/ES/DATOS_TABLA/27153?tip=AM","18.262071"
"2020","Total Nacional","Mujeres","65 años","Esperanza de vida restante a edad de referencia","observado","Definitivo","INE - Tablas de Mortalidad, tabla API 27153","https://servicios.ine.es/wstempus/js/ES/DATOS_TABLA/27153?tip=AM","22.285218"
"2020","Total Nacional","Hombres","66 años","Esperanza de vida restante a edad de referencia","observado","Definitivo","INE - Tablas de Mortalidad, tabla API 27153","https://servicios.ine.es/wstempus/js/ES/DATOS_TABLA/27153?tip=AM","17.506846"
"2020","Total Nacional","Mujeres","66 años","Esperanza de vida restante a edad de referencia","observado","Definitivo","INE - Tablas de Mortalidad, tabla API 27153","https://servicios.ine.es/wstempus/js/ES/DATOS_TABLA/27153?tip=AM","21.412498"
"2020","Total Nacional","Hombres","67 años","Esperanza de vida restante a edad de referencia","observado","Definitivo","INE - Tablas de Mortalidad, tabla API 27153","https://servicios.ine.es/wstempus/js/ES/DATOS_TABLA/27153?tip=AM","16.752095"
"2020","Total Nacional","Mujeres","67 años","Esperanza de vida restante a edad de referencia","observado","Definitivo","INE - Tablas de Mortalidad, tabla API 27153","https://servicios.ine.es/wstempus/js/ES/DATOS_TABLA/27153?tip=AM","20.544465"
"2021","Total Nacional","Hombres","65 años","Esperanza de vida restante a edad de referencia","observado","Definitivo","INE - Tablas de Mortalidad, tabla API 27153","https://servicios.ine.es/wstempus/js/ES/DATOS_TABLA/27153?tip=AM","18.941577"
"2021","Total Nacional","Mujeres","65 años","Esperanza de vida restante a edad de referencia","observado","Definitivo","INE - Tablas de Mortalidad, tabla API 27153","https://servicios.ine.es/wstempus/js/ES/DATOS_TABLA/27153?tip=AM","23.045607"
"2021","Total Nacional","Hombres","66 años","Esperanza de vida restante a edad de referencia","observado","Definitivo","INE - Tablas de Mortalidad, tabla API 27153","https://servicios.ine.es/wstempus/js/ES/DATOS_TABLA/27153?tip=AM","18.189734"
"2021","Total Nacional","Mujeres","66 años","Esperanza de vida restante a edad de referencia","observado","Definitivo","INE - Tablas de Mortalidad, tabla API 27153","https://servicios.ine.es/wstempus/js/ES/DATOS_TABLA/27153?tip=AM","22.174839"
"2021","Total Nacional","Hombres","67 años","Esperanza de vida restante a edad de referencia","observado","Definitivo","INE - Tablas de Mortalidad, tabla API 27153","https://servicios.ine.es/wstempus/js/ES/DATOS_TABLA/27153?tip=AM","17.443534"
"2021","Total Nacional","Mujeres","67 años","Esperanza de vida restante a edad de referencia","observado","Definitivo","INE - Tablas de Mortalidad, tabla API 27153","https://servicios.ine.es/wstempus/js/ES/DATOS_TABLA/27153?tip=AM","21.310816"
"2022","Total Nacional","Hombres","65 años","Esperanza de vida restante a edad de referencia","observado","Definitivo","INE - Tablas de Mortalidad, tabla API 27153","https://servicios.ine.es/wstempus/js/ES/DATOS_TABLA/27153?tip=AM","19.063307"
"2022","Total Nacional","Mujeres","65 años","Esperanza de vida restante a edad de referencia","observado","Definitivo","INE - Tablas de Mortalidad, tabla API 27153","https://servicios.ine.es/wstempus/js/ES/DATOS_TABLA/27153?tip=AM","22.956814"
"2022","Total Nacional","Hombres","66 años","Esperanza de vida restante a edad de referencia","observado","Definitivo","INE - Tablas de Mortalidad, tabla API 27153","https://servicios.ine.es/wstempus/js/ES/DATOS_TABLA/27153?tip=AM","18.303127"
"2022","Total Nacional","Mujeres","66 años","Esperanza de vida restante a edad de referencia","observado","Definitivo","INE - Tablas de Mortalidad, tabla API 27153","https://servicios.ine.es/wstempus/js/ES/DATOS_TABLA/27153?tip=AM","22.08405"
"2022","Total Nacional","Hombres","67 años","Esperanza de vida restante a edad de referencia","observado","Definitivo","INE - Tablas de Mortalidad, tabla API 27153","https://servicios.ine.es/wstempus/js/ES/DATOS_TABLA/27153?tip=AM","17.539654"
"2022","Total Nacional","Mujeres","67 años","Esperanza de vida restante a edad de referencia","observado","Definitivo","INE - Tablas de Mortalidad, tabla API 27153","https://servicios.ine.es/wstempus/js/ES/DATOS_TABLA/27153?tip=AM","21.217497"
"2023","Total Nacional","Hombres","65 años","Esperanza de vida restante a edad de referencia","observado","Definitivo","INE - Tablas de Mortalidad, tabla API 27153","https://servicios.ine.es/wstempus/js/ES/DATOS_TABLA/27153?tip=AM","19.653002"
"2023","Total Nacional","Mujeres","65 años","Esperanza de vida restante a edad de referencia","observado","Definitivo","INE - Tablas de Mortalidad, tabla API 27153","https://servicios.ine.es/wstempus/js/ES/DATOS_TABLA/27153?tip=AM","23.493686"
"2023","Total Nacional","Hombres","66 años","Esperanza de vida restante a edad de referencia","observado","Definitivo","INE - Tablas de Mortalidad, tabla API 27153","https://servicios.ine.es/wstempus/js/ES/DATOS_TABLA/27153?tip=AM","18.877344"
"2023","Total Nacional","Mujeres","66 años","Esperanza de vida restante a edad de referencia","observado","Definitivo","INE - Tablas de Mortalidad, tabla API 27153","https://servicios.ine.es/wstempus/js/ES/DATOS_TABLA/27153?tip=AM","22.614344"
"2023","Total Nacional","Hombres","67 años","Esperanza de vida restante a edad de referencia","observado","Definitivo","INE - Tablas de Mortalidad, tabla API 27153","https://servicios.ine.es/wstempus/js/ES/DATOS_TABLA/27153?tip=AM","18.102922"
"2023","Total Nacional","Mujeres","67 años","Esperanza de vida restante a edad de referencia","observado","Definitivo","INE - Tablas de Mortalidad, tabla API 27153","https://servicios.ine.es/wstempus/js/ES/DATOS_TABLA/27153?tip=AM","21.737472"
"2024","Total Nacional","Hombres","65 años","Esperanza de vida restante a edad de referencia","observado","Definitivo","INE - Tablas de Mortalidad, tabla API 27153","https://servicios.ine.es/wstempus/js/ES/DATOS_TABLA/27153?tip=AM","19.868122"
"2024","Total Nacional","Mujeres","65 años","Esperanza de vida restante a edad de referencia","observado","Definitivo","INE - Tablas de Mortalidad, tabla API 27153","https://servicios.ine.es/wstempus/js/ES/DATOS_TABLA/27153?tip=AM","23.64142"
"2024","Total Nacional","Hombres","66 años","Esperanza de vida restante a edad de referencia","observado","Definitivo","INE - Tablas de Mortalidad, tabla API 27153","https://servicios.ine.es/wstempus/js/ES/DATOS_TABLA/27153?tip=AM","19.093086"
"2024","Total Nacional","Mujeres","66 años","Esperanza de vida restante a edad de referencia","observado","Definitivo","INE - Tablas de Mortalidad, tabla API 27153","https://servicios.ine.es/wstempus/js/ES/DATOS_TABLA/27153?tip=AM","22.761661"
"2024","Total Nacional","Hombres","67 años","Esperanza de vida restante a edad de referencia","observado","Definitivo","INE - Tablas de Mortalidad, tabla API 27153","https://servicios.ine.es/wstempus/js/ES/DATOS_TABLA/27153?tip=AM","18.315926"
"2024","Total Nacional","Mujeres","67 años","Esperanza de vida restante a edad de referencia","observado","Definitivo","INE - Tablas de Mortalidad, tabla API 27153","https://servicios.ine.es/wstempus/js/ES/DATOS_TABLA/27153?tip=AM","21.896168"
