"anio","ambito_geografico","sexo","indicador","estado_dato","tipo_dato_ine","fuente","url_api","esperanza_vida_nacimiento_anios"
"1975","Total Nacional","Hombres","Esperanza de vida al nacimiento","observado","Definitivo","INE - Indicadores Demograficos Basicos, tabla API 1414","https://servicios.ine.es/wstempus/js/ES/DATOS_TABLA/1414?tip=AM","70.53"
"1975","Total Nacional","Mujeres","Esperanza de vida al nacimiento","observado","Definitivo","INE - Indicadores Demograficos Basicos, tabla API 1414","https://servicios.ine.es/wstempus/js/ES/DATOS_TABLA/1414?tip=AM","76.25"
"1976","Total Nacional","Hombres","Esperanza de vida al nacimiento","observado","Definitivo","INE - Indicadores Demograficos Basicos, tabla API 1414","https://servicios.ine.es/wstempus/js/ES/DATOS_TABLA/1414?tip=AM","70.81"
"1976","Total Nacional","Mujeres","Esperanza de vida al nacimiento","observado","Definitivo","INE - Indicadores Demograficos Basicos, tabla API 1414","https://servicios.ine.es/wstempus/js/ES/DATOS_TABLA/1414?tip=AM","76.61"
"1977","Total Nacional","Hombres","Esperanza de vida al nacimiento","observado","Definitivo","INE - Indicadores Demograficos Basicos, tabla API 1414","https://servicios.ine.es/wstempus/js/ES/DATOS_TABLA/1414?tip=AM","71.27"
"1977","Total Nacional","Mujeres","Esperanza de vida al nacimiento","observado","Definitivo","INE - Indicadores Demograficos Basicos, tabla API 1414","https://servicios.ine.es/wstempus/js/ES/DATOS_TABLA/1414?tip=AM","77.12"
"1978","Total Nacional","Hombres","Esperanza de vida al nacimiento","observado","Definitivo","INE - Indicadores Demograficos Basicos, tabla API 1414","https://servicios.ine.es/wstempus/js/ES/DATOS_TABLA/1414?tip=AM","71.41"
"1978","Total Nacional","Mujeres","Esperanza de vida al nacimiento","observado","Definitivo","INE - Indicadores Demograficos Basicos, tabla API 1414","https://servicios.ine.es/wstempus/js/ES/DATOS_TABLA/1414?tip=AM","77.37"
"1979","Total Nacional","Hombres","Esperanza de vida al nacimiento","observado","Definitivo","INE - Indicadores Demograficos Basicos, tabla API 1414","https://servicios.ine.es/wstempus/js/ES/DATOS_TABLA/1414?tip=AM","71.81"
"1979","Total Nacional","Mujeres","Esperanza de vida al nacimiento","observado","Definitivo","INE - Indicadores Demograficos Basicos, tabla API 1414","https://servicios.ine.es/wstempus/js/ES/DATOS_TABLA/1414?tip=AM","77.91"
"1980","Total Nacional","Hombres","Esperanza de vida al nacimiento","observado","Definitivo","INE - Indicadores Demograficos Basicos, tabla API 1414","https://servicios.ine.es/wstempus/js/ES/DATOS_TABLA/1414?tip=AM","72.36"
"1980","Total Nacional","Mujeres","Esperanza de vida al nacimiento","observado","Definitivo","INE - Indicadores Demograficos Basicos, tabla API 1414","https://servicios.ine.es/wstempus/js/ES/DATOS_TABLA/1414?tip=AM","78.41"
"1981","Total Nacional","Hombres","Esperanza de vida al nacimiento","observado","Definitivo","INE - Indicadores Demograficos Basicos, tabla API 1414","https://servicios.ine.es/wstempus/js/ES/DATOS_TABLA/1414?tip=AM","72.51"
"1981","Total Nacional","Mujeres","Esperanza de vida al nacimiento","observado","Definitivo","INE - Indicadores Demograficos Basicos, tabla API 1414","https://servicios.ine.es/wstempus/js/ES/DATOS_TABLA/1414?tip=AM","78.63"
"1982","Total Nacional","Hombres","Esperanza de vida al nacimiento","observado","Definitivo","INE - Indicadores Demograficos Basicos, tabla API 1414","https://servicios.ine.es/wstempus/js/ES/DATOS_TABLA/1414?tip=AM","73.15"
"1982","Total Nacional","Mujeres","Esperanza de vida al nacimiento","observado","Definitivo","INE - Indicadores Demograficos Basicos, tabla API 1414","https://servicios.ine.es/wstempus/js/ES/DATOS_TABLA/1414?tip=AM","79.19"
"1983","Total Nacional","Hombres","Esperanza de vida al nacimiento","observado","Definitivo","INE - Indicadores Demograficos Basicos, tabla API 1414","https://servicios.ine.es/wstempus/js/ES/DATOS_TABLA/1414?tip=AM","72.94"
"1983","Total Nacional","Mujeres","Esperanza de vida al nacimiento","observado","Definitivo","INE - Indicadores Demograficos Basicos, tabla API 1414","https://servicios.ine.es/wstempus/js/ES/DATOS_TABLA/1414?tip=AM","79.0"
"1984","Total Nacional","Hombres","Esperanza de vida al nacimiento","observado","Definitivo","INE - Indicadores Demograficos Basicos, tabla API 1414","https://servicios.ine.es/wstempus/js/ES/DATOS_TABLA/1414?tip=AM","73.18"
"1984","Total Nacional","Mujeres","Esperanza de vida al nacimiento","observado","Definitivo","INE - Indicadores Demograficos Basicos, tabla API 1414","https://servicios.ine.es/wstempus/js/ES/DATOS_TABLA/1414?tip=AM","79.51"
"1985","Total Nacional","Hombres","Esperanza de vida al nacimiento","observado","Definitivo","INE - Indicadores Demograficos Basicos, tabla API 1414","https://servicios.ine.es/wstempus/js/ES/DATOS_TABLA/1414?tip=AM","73.08"
"1985","Total Nacional","Mujeres","Esperanza de vida al nacimiento","observado","Definitivo","INE - Indicadores Demograficos Basicos, tabla API 1414","https://servicios.ine.es/wstempus/js/ES/DATOS_TABLA/1414?tip=AM","79.54"
"1986","Total Nacional","Hombres","Esperanza de vida al nacimiento","observado","Definitivo","INE - Indicadores Demograficos Basicos, tabla API 1414","https://servicios.ine.es/wstempus/js/ES/DATOS_TABLA/1414?tip=AM","73.4"
"1986","Total Nacional","Mujeres","Esperanza de vida al nacimiento","observado","Definitivo","INE - Indicadores Demograficos Basicos, tabla API 1414","https://servicios.ine.es/wstempus/js/ES/DATOS_TABLA/1414?tip=AM","79.75"
"1987","Total Nacional","Hombres","Esperanza de vida al nacimiento","observado","Definitivo","INE - Indicadores Demograficos Basicos, tabla API 1414","https://servicios.ine.es/wstempus/js/ES/DATOS_TABLA/1414?tip=AM","73.55"
"1987","Total Nacional","Mujeres","Esperanza de vida al nacimiento","observado","Definitivo","INE - Indicadores Demograficos Basicos, tabla API 1414","https://servicios.ine.es/wstempus/js/ES/DATOS_TABLA/1414?tip=AM","80.07"
"1988","Total Nacional","Hombres","Esperanza de vida al nacimiento","observado","Definitivo","INE - Indicadores Demograficos Basicos, tabla API 1414","https://servicios.ine.es/wstempus/js/ES/DATOS_TABLA/1414?tip=AM","73.52"
"1988","Total Nacional","Mujeres","Esperanza de vida al nacimiento","observado","Definitivo","INE - Indicadores Demograficos Basicos, tabla API 1414","https://servicios.ine.es/wstempus/js/ES/DATOS_TABLA/1414?tip=AM","80.15"
"1989","Total Nacional","Hombres","Esperanza de vida al nacimiento","observado","Definitivo","INE - Indicadores Demograficos Basicos, tabla API 1414","https://servicios.ine.es/wstempus/js/ES/DATOS_TABLA/1414?tip=AM","73.42"
"1989","Total Nacional","Mujeres","Esperanza de vida al nacimiento","observado","Definitivo","INE - Indicadores Demograficos Basicos, tabla API 1414","https://servicios.ine.es/wstempus/js/ES/DATOS_TABLA/1414?tip=AM","80.36"
"1990","Total Nacional","Hombres","Esperanza de vida al nacimiento","observado","Definitivo","INE - Indicadores Demograficos Basicos, tabla API 1414","https://servicios.ine.es/wstempus/js/ES/DATOS_TABLA/1414?tip=AM","73.4"
"1990","Total Nacional","Mujeres","Esperanza de vida al nacimiento","observado","Definitivo","INE - Indicadores Demograficos Basicos, tabla API 1414","https://servicios.ine.es/wstempus/js/ES/DATOS_TABLA/1414?tip=AM","80.41"
"1991","Total Nacional","Hombres","Esperanza de vida al nacimiento","observado","Definitivo","INE - Indicadores Demograficos Basicos, tabla API 1414","https://servicios.ine.es/wstempus/js/ES/DATOS_TABLA/1414?tip=AM","73.49"
"1991","Total Nacional","Mujeres","Esperanza de vida al nacimiento","observado","Definitivo","INE - Indicadores Demograficos Basicos, tabla API 1414","https://servicios.ine.es/wstempus/js/ES/DATOS_TABLA/1414?tip=AM","80.65"
"1992","Total Nacional","Hombres","Esperanza de vida al nacimiento","observado","Definitivo","INE - Indicadores Demograficos Basicos, tabla API 1414","https://servicios.ine.es/wstempus/js/ES/DATOS_TABLA/1414?tip=AM","73.89"
"1992","Total Nacional","Mujeres","Esperanza de vida al nacimiento","observado","Definitivo","INE - Indicadores Demograficos Basicos, tabla API 1414","https://servicios.ine.es/wstempus/js/ES/DATOS_TABLA/1414?tip=AM","81.14"
"1993","Total Nacional","Hombres","Esperanza de vida al nacimiento","observado","Definitivo","INE - Indicadores Demograficos Basicos, tabla API 1414","https://servicios.ine.es/wstempus/js/ES/DATOS_TABLA/1414?tip=AM","74.09"
"1993","Total Nacional","Mujeres","Esperanza de vida al nacimiento","observado","Definitivo","INE - Indicadores Demograficos Basicos, tabla API 1414","https://servicios.ine.es/wstempus/js/ES/DATOS_TABLA/1414?tip=AM","81.23"
"1994","Total Nacional","Hombres","Esperanza de vida al nacimiento","observado","Definitivo","INE - Indicadores Demograficos Basicos, tabla API 1414","https://servicios.ine.es/wstempus/js/ES/DATOS_TABLA/1414?tip=AM","74.47"
"1994","Total Nacional","Mujeres","Esperanza de vida al nacimiento","observado","Definitivo","INE - Indicadores Demograficos Basicos, tabla API 1414","https://servicios.ine.es/wstempus/js/ES/DATOS_TABLA/1414?tip=AM","81.6"
"1995","Total Nacional","Hombres","Esperanza de vida al nacimiento","observado","Definitivo","INE - Indicadores Demograficos Basicos, tabla API 1414","https://servicios.ine.es/wstempus/js/ES/DATOS_TABLA/1414?tip=AM","74.53"
"1995","Total Nacional","Mujeres","Esperanza de vida al nacimiento","observado","Definitivo","INE - Indicadores Demograficos Basicos, tabla API 1414","https://servicios.ine.es/wstempus/js/ES/DATOS_TABLA/1414?tip=AM","81.72"
"1996","Total Nacional","Hombres","Esperanza de vida al nacimiento","observado","Definitivo","INE - Indicadores Demograficos Basicos, tabla API 1414","https://servicios.ine.es/wstempus/js/ES/DATOS_TABLA/1414?tip=AM","74.66"
"1996","Total Nacional","Mujeres","Esperanza de vida al nacimiento","observado","Definitivo","INE - Indicadores Demograficos Basicos, tabla API 1414","https://servicios.ine.es/wstempus/js/ES/DATOS_TABLA/1414?tip=AM","81.88"
"1997","Total Nacional","Hombres","Esperanza de vida al nacimiento","observado","Definitivo","INE - Indicadores Demograficos Basicos, tabla API 1414","https://servicios.ine.es/wstempus/js/ES/DATOS_TABLA/1414?tip=AM","75.29"
"1997","Total Nacional","Mujeres","Esperanza de vida al nacimiento","observado","Definitivo","INE - Indicadores Demograficos Basicos, tabla API 1414","https://servicios.ine.es/wstempus/js/ES/DATOS_TABLA/1414?tip=AM","82.23"
"1998","Total Nacional","Hombres","Esperanza de vida al nacimiento","observado","Definitivo","INE - Indicadores Demograficos Basicos, tabla API 1414","https://servicios.ine.es/wstempus/js/ES/DATOS_TABLA/1414?tip=AM","75.42"
"1998","Total Nacional","Mujeres","Esperanza de vida al nacimiento","observado","Definitivo","INE - Indicadores Demograficos Basicos, tabla API 1414","https://servicios.ine.es/wstempus/js/ES/DATOS_TABLA/1414?tip=AM","82.31"
"1999","Total Nacional","Hombres","Esperanza de vida al nacimiento","observado","Definitivo","INE - Indicadores Demograficos Basicos, tabla API 1414","https://servicios.ine.es/wstempus/js/ES/DATOS_TABLA/1414?tip=AM","75.43"
"1999","Total Nacional","Mujeres","Esperanza de vida al nacimiento","observado","Definitivo","INE - Indicadores Demograficos Basicos, tabla API 1414","https://servicios.ine.es/wstempus/js/ES/DATOS_TABLA/1414?tip=AM","82.32"
"2000","Total Nacional","Hombres","Esperanza de vida al nacimiento","observado","Definitivo","INE - Indicadores Demograficos Basicos, tabla API 1414","https://servicios.ine.es/wstempus/js/ES/DATOS_TABLA/1414?tip=AM","75.93"
"2000","Total Nacional","Mujeres","Esperanza de vida al nacimiento","observado","Definitivo","INE - Indicadores Demograficos Basicos, tabla API 1414","https://servicios.ine.es/wstempus/js/ES/DATOS_TABLA/1414?tip=AM","82.73"
"2001","Total Nacional","Hombres","Esperanza de vida al nacimiento","observado","Definitivo","INE - Indicadores Demograficos Basicos, tabla API 1414","https://servicios.ine.es/wstempus/js/ES/DATOS_TABLA/1414?tip=AM","76.27"
"2001","Total Nacional","Mujeres","Esperanza de vida al nacimiento","observado","Definitivo","INE - Indicadores Demograficos Basicos, tabla API 1414","https://servicios.ine.es/wstempus/js/ES/DATOS_TABLA/1414?tip=AM","83.05"
"2002","Total Nacional","Hombres","Esperanza de vida al nacimiento","observado","Definitivo","INE - Indicadores Demograficos Basicos, tabla API 1414","https://servicios.ine.es/wstempus/js/ES/DATOS_TABLA/1414?tip=AM","76.38"
"2002","Total Nacional","Mujeres","Esperanza de vida al nacimiento","observado","Definitivo","INE - Indicadores Demograficos Basicos, tabla API 1414","https://servicios.ine.es/wstempus/js/ES/DATOS_TABLA/1414?tip=AM","83.14"
"2003","Total Nacional","Hombres","Esperanza de vida al nacimiento","observado","Definitivo","INE - Indicadores Demograficos Basicos, tabla API 1414","https://servicios.ine.es/wstempus/js/ES/DATOS_TABLA/1414?tip=AM","76.41"
"2003","Total Nacional","Mujeres","Esperanza de vida al nacimiento","observado","Definitivo","INE - Indicadores Demograficos Basicos, tabla API 1414","https://servicios.ine.es/wstempus/js/ES/DATOS_TABLA/1414?tip=AM","82.99"
"2004","Total Nacional","Hombres","Esperanza de vida al nacimiento","observado","Definitivo","INE - Indicadores Demograficos Basicos, tabla API 1414","https://servicios.ine.es/wstempus/js/ES/DATOS_TABLA/1414?tip=AM","76.98"
"2004","Total Nacional","Mujeres","Esperanza de vida al nacimiento","observado","Definitivo","INE - Indicadores Demograficos Basicos, tabla API 1414","https://servicios.ine.es/wstempus/js/ES/DATOS_TABLA/1414?tip=AM","83.57"
"2005","Total Nacional","Hombres","Esperanza de vida al nacimiento","observado","Definitivo","INE - Indicadores Demograficos Basicos, tabla API 1414","https://servicios.ine.es/wstempus/js/ES/DATOS_TABLA/1414?tip=AM","77.02"
"2005","Total Nacional","Mujeres","Esperanza de vida al nacimiento","observado","Definitivo","INE - Indicadores Demograficos Basicos, tabla API 1414","https://servicios.ine.es/wstempus/js/ES/DATOS_TABLA/1414?tip=AM","83.54"
"2006","Total Nacional","Hombres","Esperanza de vida al nacimiento","observado","Definitivo","INE - Indicadores Demograficos Basicos, tabla API 1414","https://servicios.ine.es/wstempus/js/ES/DATOS_TABLA/1414?tip=AM","77.71"
"2006","Total Nacional","Mujeres","Esperanza de vida al nacimiento","observado","Definitivo","INE - Indicadores Demograficos Basicos, tabla API 1414","https://servicios.ine.es/wstempus/js/ES/DATOS_TABLA/1414?tip=AM","84.15"
"2007","Total Nacional","Hombres","Esperanza de vida al nacimiento","observado","Definitivo","INE - Indicadores Demograficos Basicos, tabla API 1414","https://servicios.ine.es/wstempus/js/ES/DATOS_TABLA/1414?tip=AM","77.78"
"2007","Total Nacional","Mujeres","Esperanza de vida al nacimiento","observado","Definitivo","INE - Indicadores Demograficos Basicos, tabla API 1414","https://servicios.ine.es/wstempus/js/ES/DATOS_TABLA/1414?tip=AM","84.14"
"2008","Total Nacional","Hombres","Esperanza de vida al nacimiento","observado","Definitivo","INE - Indicadores Demograficos Basicos, tabla API 1414","https://servicios.ine.es/wstempus/js/ES/DATOS_TABLA/1414?tip=AM","78.22"
"2008","Total Nacional","Mujeres","Esperanza de vida al nacimiento","observado","Definitivo","INE - Indicadores Demograficos Basicos, tabla API 1414","https://servicios.ine.es/wstempus/js/ES/DATOS_TABLA/1414?tip=AM","84.33"
"2009","Total Nacional","Hombres","Esperanza de vida al nacimiento","observado","Definitivo","INE - Indicadores Demograficos Basicos, tabla API 1414","https://servicios.ine.es/wstempus/js/ES/DATOS_TABLA/1414?tip=AM","78.62"
"2009","Total Nacional","Mujeres","Esperanza de vida al nacimiento","observado","Definitivo","INE - Indicadores Demograficos Basicos, tabla API 1414","https://servicios.ine.es/wstempus/js/ES/DATOS_TABLA/1414?tip=AM","84.65"
"2010","Total Nacional","Hombres","Esperanza de vida al nacimiento","observado","Definitivo","INE - Indicadores Demograficos Basicos, tabla API 1414","https://servicios.ine.es/wstempus/js/ES/DATOS_TABLA/1414?tip=AM","79.05"
"2010","Total Nacional","Mujeres","Esperanza de vida al nacimiento","observado","Definitivo","INE - Indicadores Demograficos Basicos, tabla API 1414","https://servicios.ine.es/wstempus/js/ES/DATOS_TABLA/1414?tip=AM","85.03"
"2011","Total Nacional","Hombres","Esperanza de vida al nacimiento","observado","Definitivo","INE - Indicadores Demograficos Basicos, tabla API 1414","https://servicios.ine.es/wstempus/js/ES/DATOS_TABLA/1414?tip=AM","79.3"
"2011","Total Nacional","Mujeres","Esperanza de vida al nacimiento","observado","Definitivo","INE - Indicadores Demograficos Basicos, tabla API 1414","https://servicios.ine.es/wstempus/js/ES/DATOS_TABLA/1414?tip=AM","85.13"
"2012","Total Nacional","Hombres","Esperanza de vida al nacimiento","observado","Definitivo","INE - Indicadores Demograficos Basicos, tabla API 1414","https://servicios.ine.es/wstempus/js/ES/DATOS_TABLA/1414?tip=AM","79.36"
"2012","Total Nacional","Mujeres","Esperanza de vida al nacimiento","observado","Definitivo","INE - Indicadores Demograficos Basicos, tabla API 1414","https://servicios.ine.es/wstempus/js/ES/DATOS_TABLA/1414?tip=AM","85.1"
"2013","Total Nacional","Hombres","Esperanza de vida al nacimiento","observado","Definitivo","INE - Indicadores Demograficos Basicos, tabla API 1414","https://servicios.ine.es/wstempus/js/ES/DATOS_TABLA/1414?tip=AM","79.92"
"2013","Total Nacional","Mujeres","Esperanza de vida al nacimiento","observado","Definitivo","INE - Indicadores Demograficos Basicos, tabla API 1414","https://servicios.ine.es/wstempus/js/ES/DATOS_TABLA/1414?tip=AM","85.53"
"2014","Total Nacional","Hombres","Esperanza de vida al nacimiento","observado","Definitivo","INE - Indicadores Demograficos Basicos, tabla API 1414","https://servicios.ine.es/wstempus/js/ES/DATOS_TABLA/1414?tip=AM","80.1"
"2014","Total Nacional","Mujeres","Esperanza de vida al nacimiento","observado","Definitivo","INE - Indicadores Demograficos Basicos, tabla API 1414","https://servicios.ine.es/wstempus/js/ES/DATOS_TABLA/1414?tip=AM","85.63"
"2015","Total Nacional","Hombres","Esperanza de vida al nacimiento","observado","Definitivo","INE - Indicadores Demograficos Basicos, tabla API 1414","https://servicios.ine.es/wstempus/js/ES/DATOS_TABLA/1414?tip=AM","79.89"
"2015","Total Nacional","Mujeres","Esperanza de vida al nacimiento","observado","Definitivo","INE - Indicadores Demograficos Basicos, tabla API 1414","https://servicios.ine.es/wstempus/js/ES/DATOS_TABLA/1414?tip=AM","85.39"
"2016","Total Nacional","Hombres","Esperanza de vida al nacimiento","observado","Definitivo","INE - Indicadores Demograficos Basicos, tabla API 1414","https://servicios.ine.es/wstempus/js/ES/DATOS_TABLA/1414?tip=AM","80.26"
"2016","Total Nacional","Mujeres","Esperanza de vida al nacimiento","observado","Definitivo","INE - Indicadores Demograficos Basicos, tabla API 1414","https://servicios.ine.es/wstempus/js/ES/DATOS_TABLA/1414?tip=AM","85.82"
"2017","Total Nacional","Hombres","Esperanza de vida al nacimiento","observado","Definitivo","INE - Indicadores Demograficos Basicos, tabla API 1414","https://servicios.ine.es/wstempus/js/ES/DATOS_TABLA/1414?tip=AM","80.32"
"2017","Total Nacional","Mujeres","Esperanza de vida al nacimiento","observado","Definitivo","INE - Indicadores Demograficos Basicos, tabla API 1414","https://servicios.ine.es/wstempus/js/ES/DATOS_TABLA/1414?tip=AM","85.71"
"2018","Total Nacional","Hombres","Esperanza de vida al nacimiento","observado","Definitivo","INE - Indicadores Demograficos Basicos, tabla API 1414","https://servicios.ine.es/wstempus/js/ES/DATOS_TABLA/1414?tip=AM","80.4"
"2018","Total Nacional","Mujeres","Esperanza de vida al nacimiento","observado","Definitivo","INE - Indicadores Demograficos Basicos, tabla API 1414","https://servicios.ine.es/wstempus/js/ES/DATOS_TABLA/1414?tip=AM","85.83"
"2019","Total Nacional","Hombres","Esperanza de vida al nacimiento","observado","Definitivo","INE - Indicadores Demograficos Basicos, tabla API 1414","https://servicios.ine.es/wstempus/js/ES/DATOS_TABLA/1414?tip=AM","80.78"
"2019","Total Nacional","Mujeres","Esperanza de vida al nacimiento","observado","Definitivo","INE - Indicadores Demograficos Basicos, tabla API 1414","https://servicios.ine.es/wstempus/js/ES/DATOS_TABLA/1414?tip=AM","86.19"
"2020","Total Nacional","Hombres","Esperanza de vida al nacimiento","observado","Definitivo","INE - Indicadores Demograficos Basicos, tabla API 1414","https://servicios.ine.es/wstempus/js/ES/DATOS_TABLA/1414?tip=AM","79.52"
"2020","Total Nacional","Mujeres","Esperanza de vida al nacimiento","observado","Definitivo","INE - Indicadores Demograficos Basicos, tabla API 1414","https://servicios.ine.es/wstempus/js/ES/DATOS_TABLA/1414?tip=AM","85.04"
"2021","Total Nacional","Hombres","Esperanza de vida al nacimiento","observado","Definitivo","INE - Indicadores Demograficos Basicos, tabla API 1414","https://servicios.ine.es/wstempus/js/ES/DATOS_TABLA/1414?tip=AM","80.2"
"2021","Total Nacional","Mujeres","Esperanza de vida al nacimiento","observado","Definitivo","INE - Indicadores Demograficos Basicos, tabla API 1414","https://servicios.ine.es/wstempus/js/ES/DATOS_TABLA/1414?tip=AM","85.81"
"2022","Total Nacional","Hombres","Esperanza de vida al nacimiento","observado","Definitivo","INE - Indicadores Demograficos Basicos, tabla API 1414","https://servicios.ine.es/wstempus/js/ES/DATOS_TABLA/1414?tip=AM","80.36"
"2022","Total Nacional","Mujeres","Esperanza de vida al nacimiento","observado","Definitivo","INE - Indicadores Demograficos Basicos, tabla API 1414","https://servicios.ine.es/wstempus/js/ES/DATOS_TABLA/1414?tip=AM","85.74"
"2023","Total Nacional","Hombres","Esperanza de vida al nacimiento","observado","Definitivo","INE - Indicadores Demograficos Basicos, tabla API 1414","https://servicios.ine.es/wstempus/js/ES/DATOS_TABLA/1414?tip=AM","81.11"
"2023","Total Nacional","Mujeres","Esperanza de vida al nacimiento","observado","Definitivo","INE - Indicadores Demograficos Basicos, tabla API 1414","https://servicios.ine.es/wstempus/js/ES/DATOS_TABLA/1414?tip=AM","86.34"
"2024","Total Nacional","Hombres","Esperanza de vida al nacimiento","observado","Definitivo","INE - Indicadores Demograficos Basicos, tabla API 1414","https://servicios.ine.es/wstempus/js/ES/DATOS_TABLA/1414?tip=AM","81.38"
"2024","Total Nacional","Mujeres","Esperanza de vida al nacimiento","observado","Definitivo","INE - Indicadores Demograficos Basicos, tabla API 1414","https://servicios.ine.es/wstempus/js/ES/DATOS_TABLA/1414?tip=AM","86.53"
"2025","Total Nacional","Hombres","Esperanza de vida al nacimiento","proyectado","Definitivo","INE - Proyecciones de Poblacion 2024-2074, tabla API 36775","https://servicios.ine.es/wstempus/js/ES/DATOS_TABLA/36775?tip=AM","80.913439"
"2025","Total Nacional","Mujeres","Esperanza de vida al nacimiento","proyectado","Definitivo","INE - Proyecciones de Poblacion 2024-2074, tabla API 36775","https://servicios.ine.es/wstempus/js/ES/DATOS_TABLA/36775?tip=AM","86.31822"
"2026","Total Nacional","Hombres","Esperanza de vida al nacimiento","proyectado","Definitivo","INE - Proyecciones de Poblacion 2024-2074, tabla API 36775","https://servicios.ine.es/wstempus/js/ES/DATOS_TABLA/36775?tip=AM","81.080162"
"2026","Total Nacional","Mujeres","Esperanza de vida al nacimiento","proyectado","Definitivo","INE - Proyecciones de Poblacion 2024-2074, tabla API 36775","https://servicios.ine.es/wstempus/js/ES/DATOS_TABLA/36775?tip=AM","86.432914"
"2027","Total Nacional","Hombres","Esperanza de vida al nacimiento","proyectado","Definitivo","INE - Proyecciones de Poblacion 2024-2074, tabla API 36775","https://servicios.ine.es/wstempus/js/ES/DATOS_TABLA/36775?tip=AM","81.244665"
"2027","Total Nacional","Mujeres","Esperanza de vida al nacimiento","proyectado","Definitivo","INE - Proyecciones de Poblacion 2024-2074, tabla API 36775","https://servicios.ine.es/wstempus/js/ES/DATOS_TABLA/36775?tip=AM","86.546594"
"2028","Total Nacional","Hombres","Esperanza de vida al nacimiento","proyectado","Definitivo","INE - Proyecciones de Poblacion 2024-2074, tabla API 36775","https://servicios.ine.es/wstempus/js/ES/DATOS_TABLA/36775?tip=AM","81.406887"
"2028","Total Nacional","Mujeres","Esperanza de vida al nacimiento","proyectado","Definitivo","INE - Proyecciones de Poblacion 2024-2074, tabla API 36775","https://servicios.ine.es/wstempus/js/ES/DATOS_TABLA/36775?tip=AM","86.659243"
"2029","Total Nacional","Hombres","Esperanza de vida al nacimiento","proyectado","Definitivo","INE - Proyecciones de Poblacion 2024-2074, tabla API 36775","https://servicios.ine.es/wstempus/js/ES/DATOS_TABLA/36775?tip=AM","81.56677"
"2029","Total Nacional","Mujeres","Esperanza de vida al nacimiento","proyectado","Definitivo","INE - Proyecciones de Poblacion 2024-2074, tabla API 36775","https://servicios.ine.es/wstempus/js/ES/DATOS_TABLA/36775?tip=AM","86.770847"
"2030","Total Nacional","Hombres","Esperanza de vida al nacimiento","proyectado","Definitivo","INE - Proyecciones de Poblacion 2024-2074, tabla API 36775","https://servicios.ine.es/wstempus/js/ES/DATOS_TABLA/36775?tip=AM","81.724264"
"2030","Total Nacional","Mujeres","Esperanza de vida al nacimiento","proyectado","Definitivo","INE - Proyecciones de Poblacion 2024-2074, tabla API 36775","https://servicios.ine.es/wstempus/js/ES/DATOS_TABLA/36775?tip=AM","86.881393"
"2031","Total Nacional","Hombres","Esperanza de vida al nacimiento","proyectado","Definitivo","INE - Proyecciones de Poblacion 2024-2074, tabla API 36775","https://servicios.ine.es/wstempus/js/ES/DATOS_TABLA/36775?tip=AM","81.879321"
"2031","Total Nacional","Mujeres","Esperanza de vida al nacimiento","proyectado","Definitivo","INE - Proyecciones de Poblacion 2024-2074, tabla API 36775","https://servicios.ine.es/wstempus/js/ES/DATOS_TABLA/36775?tip=AM","86.990866"
"2032","Total Nacional","Hombres","Esperanza de vida al nacimiento","proyectado","Definitivo","INE - Proyecciones de Poblacion 2024-2074, tabla API 36775","https://servicios.ine.es/wstempus/js/ES/DATOS_TABLA/36775?tip=AM","82.031903"
"2032","Total Nacional","Mujeres","Esperanza de vida al nacimiento","proyectado","Definitivo","INE - Proyecciones de Poblacion 2024-2074, tabla API 36775","https://servicios.ine.es/wstempus/js/ES/DATOS_TABLA/36775?tip=AM","87.099255"
"2033","Total Nacional","Hombres","Esperanza de vida al nacimiento","proyectado","Definitivo","INE - Proyecciones de Poblacion 2024-2074, tabla API 36775","https://servicios.ine.es/wstempus/js/ES/DATOS_TABLA/36775?tip=AM","82.181976"
"2033","Total Nacional","Mujeres","Esperanza de vida al nacimiento","proyectado","Definitivo","INE - Proyecciones de Poblacion 2024-2074, tabla API 36775","https://servicios.ine.es/wstempus/js/ES/DATOS_TABLA/36775?tip=AM","87.206547"
"2034","Total Nacional","Hombres","Esperanza de vida al nacimiento","proyectado","Definitivo","INE - Proyecciones de Poblacion 2024-2074, tabla API 36775","https://servicios.ine.es/wstempus/js/ES/DATOS_TABLA/36775?tip=AM","82.329509"
"2034","Total Nacional","Mujeres","Esperanza de vida al nacimiento","proyectado","Definitivo","INE - Proyecciones de Poblacion 2024-2074, tabla API 36775","https://servicios.ine.es/wstempus/js/ES/DATOS_TABLA/36775?tip=AM","87.312734"
"2035","Total Nacional","Hombres","Esperanza de vida al nacimiento","proyectado","Definitivo","INE - Proyecciones de Poblacion 2024-2074, tabla API 36775","https://servicios.ine.es/wstempus/js/ES/DATOS_TABLA/36775?tip=AM","82.474481"
"2035","Total Nacional","Mujeres","Esperanza de vida al nacimiento","proyectado","Definitivo","INE - Proyecciones de Poblacion 2024-2074, tabla API 36775","https://servicios.ine.es/wstempus/js/ES/DATOS_TABLA/36775?tip=AM","87.417803"
"2036","Total Nacional","Hombres","Esperanza de vida al nacimiento","proyectado","Definitivo","INE - Proyecciones de Poblacion 2024-2074, tabla API 36775","https://servicios.ine.es/wstempus/js/ES/DATOS_TABLA/36775?tip=AM","82.616872"
"2036","Total Nacional","Mujeres","Esperanza de vida al nacimiento","proyectado","Definitivo","INE - Proyecciones de Poblacion 2024-2074, tabla API 36775","https://servicios.ine.es/wstempus/js/ES/DATOS_TABLA/36775?tip=AM","87.521748"
"2037","Total Nacional","Hombres","Esperanza de vida al nacimiento","proyectado","Definitivo","INE - Proyecciones de Poblacion 2024-2074, tabla API 36775","https://servicios.ine.es/wstempus/js/ES/DATOS_TABLA/36775?tip=AM","82.756668"
"2037","Total Nacional","Mujeres","Esperanza de vida al nacimiento","proyectado","Definitivo","INE - Proyecciones de Poblacion 2024-2074, tabla API 36775","https://servicios.ine.es/wstempus/js/ES/DATOS_TABLA/36775?tip=AM","87.624559"
"2038","Total Nacional","Hombres","Esperanza de vida al nacimiento","proyectado","Definitivo","INE - Proyecciones de Poblacion 2024-2074, tabla API 36775","https://servicios.ine.es/wstempus/js/ES/DATOS_TABLA/36775?tip=AM","82.893862"
"2038","Total Nacional","Mujeres","Esperanza de vida al nacimiento","proyectado","Definitivo","INE - Proyecciones de Poblacion 2024-2074, tabla API 36775","https://servicios.ine.es/wstempus/js/ES/DATOS_TABLA/36775?tip=AM","87.72623"
"2039","Total Nacional","Hombres","Esperanza de vida al nacimiento","proyectado","Definitivo","INE - Proyecciones de Poblacion 2024-2074, tabla API 36775","https://servicios.ine.es/wstempus/js/ES/DATOS_TABLA/36775?tip=AM","83.02845"
"2039","Total Nacional","Mujeres","Esperanza de vida al nacimiento","proyectado","Definitivo","INE - Proyecciones de Poblacion 2024-2074, tabla API 36775","https://servicios.ine.es/wstempus/js/ES/DATOS_TABLA/36775?tip=AM","87.826755"
"2040","Total Nacional","Hombres","Esperanza de vida al nacimiento","proyectado","Definitivo","INE - Proyecciones de Poblacion 2024-2074, tabla API 36775","https://servicios.ine.es/wstempus/js/ES/DATOS_TABLA/36775?tip=AM","83.160432"
"2040","Total Nacional","Mujeres","Esperanza de vida al nacimiento","proyectado","Definitivo","INE - Proyecciones de Poblacion 2024-2074, tabla API 36775","https://servicios.ine.es/wstempus/js/ES/DATOS_TABLA/36775?tip=AM","87.926129"
"2041","Total Nacional","Hombres","Esperanza de vida al nacimiento","proyectado","Definitivo","INE - Proyecciones de Poblacion 2024-2074, tabla API 36775","https://servicios.ine.es/wstempus/js/ES/DATOS_TABLA/36775?tip=AM","83.289812"
"2041","Total Nacional","Mujeres","Esperanza de vida al nacimiento","proyectado","Definitivo","INE - Proyecciones de Poblacion 2024-2074, tabla API 36775","https://servicios.ine.es/wstempus/js/ES/DATOS_TABLA/36775?tip=AM","88.024347"
"2042","Total Nacional","Hombres","Esperanza de vida al nacimiento","proyectado","Definitivo","INE - Proyecciones de Poblacion 2024-2074, tabla API 36775","https://servicios.ine.es/wstempus/js/ES/DATOS_TABLA/36775?tip=AM","83.416601"
"2042","Total Nacional","Mujeres","Esperanza de vida al nacimiento","proyectado","Definitivo","INE - Proyecciones de Poblacion 2024-2074, tabla API 36775","https://servicios.ine.es/wstempus/js/ES/DATOS_TABLA/36775?tip=AM","88.121405"
"2043","Total Nacional","Hombres","Esperanza de vida al nacimiento","proyectado","Definitivo","INE - Proyecciones de Poblacion 2024-2074, tabla API 36775","https://servicios.ine.es/wstempus/js/ES/DATOS_TABLA/36775?tip=AM","83.54081"
"2043","Total Nacional","Mujeres","Esperanza de vida al nacimiento","proyectado","Definitivo","INE - Proyecciones de Poblacion 2024-2074, tabla API 36775","https://servicios.ine.es/wstempus/js/ES/DATOS_TABLA/36775?tip=AM","88.217303"
"2044","Total Nacional","Hombres","Esperanza de vida al nacimiento","proyectado","Definitivo","INE - Proyecciones de Poblacion 2024-2074, tabla API 36775","https://servicios.ine.es/wstempus/js/ES/DATOS_TABLA/36775?tip=AM","83.662456"
"2044","Total Nacional","Mujeres","Esperanza de vida al nacimiento","proyectado","Definitivo","INE - Proyecciones de Poblacion 2024-2074, tabla API 36775","https://servicios.ine.es/wstempus/js/ES/DATOS_TABLA/36775?tip=AM","88.296778"
"2045","Total Nacional","Hombres","Esperanza de vida al nacimiento","proyectado","Definitivo","INE - Proyecciones de Poblacion 2024-2074, tabla API 36775","https://servicios.ine.es/wstempus/js/ES/DATOS_TABLA/36775?tip=AM","83.781558"
"2045","Total Nacional","Mujeres","Esperanza de vida al nacimiento","proyectado","Definitivo","INE - Proyecciones de Poblacion 2024-2074, tabla API 36775","https://servicios.ine.es/wstempus/js/ES/DATOS_TABLA/36775?tip=AM","88.374786"
"2046","Total Nacional","Hombres","Esperanza de vida al nacimiento","proyectado","Definitivo","INE - Proyecciones de Poblacion 2024-2074, tabla API 36775","https://servicios.ine.es/wstempus/js/ES/DATOS_TABLA/36775?tip=AM","83.898139"
"2046","Total Nacional","Mujeres","Esperanza de vida al nacimiento","proyectado","Definitivo","INE - Proyecciones de Poblacion 2024-2074, tabla API 36775","https://servicios.ine.es/wstempus/js/ES/DATOS_TABLA/36775?tip=AM","88.451331"
"2047","Total Nacional","Hombres","Esperanza de vida al nacimiento","proyectado","Definitivo","INE - Proyecciones de Poblacion 2024-2074, tabla API 36775","https://servicios.ine.es/wstempus/js/ES/DATOS_TABLA/36775?tip=AM","84.012226"
"2047","Total Nacional","Mujeres","Esperanza de vida al nacimiento","proyectado","Definitivo","INE - Proyecciones de Poblacion 2024-2074, tabla API 36775","https://servicios.ine.es/wstempus/js/ES/DATOS_TABLA/36775?tip=AM","88.526418"
"2048","Total Nacional","Hombres","Esperanza de vida al nacimiento","proyectado","Definitivo","INE - Proyecciones de Poblacion 2024-2074, tabla API 36775","https://servicios.ine.es/wstempus/js/ES/DATOS_TABLA/36775?tip=AM","84.123846"
"2048","Total Nacional","Mujeres","Esperanza de vida al nacimiento","proyectado","Definitivo","INE - Proyecciones de Poblacion 2024-2074, tabla API 36775","https://servicios.ine.es/wstempus/js/ES/DATOS_TABLA/36775?tip=AM","88.600052"
"2049","Total Nacional","Hombres","Esperanza de vida al nacimiento","proyectado","Definitivo","INE - Proyecciones de Poblacion 2024-2074, tabla API 36775","https://servicios.ine.es/wstempus/js/ES/DATOS_TABLA/36775?tip=AM","84.233031"
"2049","Total Nacional","Mujeres","Esperanza de vida al nacimiento","proyectado","Definitivo","INE - Proyecciones de Poblacion 2024-2074, tabla API 36775","https://servicios.ine.es/wstempus/js/ES/DATOS_TABLA/36775?tip=AM","88.67224"
"2050","Total Nacional","Hombres","Esperanza de vida al nacimiento","proyectado","Definitivo","INE - Proyecciones de Poblacion 2024-2074, tabla API 36775","https://servicios.ine.es/wstempus/js/ES/DATOS_TABLA/36775?tip=AM","84.339814"
"2050","Total Nacional","Mujeres","Esperanza de vida al nacimiento","proyectado","Definitivo","INE - Proyecciones de Poblacion 2024-2074, tabla API 36775","https://servicios.ine.es/wstempus/js/ES/DATOS_TABLA/36775?tip=AM","88.74299"
"2051","Total Nacional","Hombres","Esperanza de vida al nacimiento","proyectado","Definitivo","INE - Proyecciones de Poblacion 2024-2074, tabla API 36775","https://servicios.ine.es/wstempus/js/ES/DATOS_TABLA/36775?tip=AM","84.444231"
"2051","Total Nacional","Mujeres","Esperanza de vida al nacimiento","proyectado","Definitivo","INE - Proyecciones de Poblacion 2024-2074, tabla API 36775","https://servicios.ine.es/wstempus/js/ES/DATOS_TABLA/36775?tip=AM","88.812311"
"2052","Total Nacional","Hombres","Esperanza de vida al nacimiento","proyectado","Definitivo","INE - Proyecciones de Poblacion 2024-2074, tabla API 36775","https://servicios.ine.es/wstempus/js/ES/DATOS_TABLA/36775?tip=AM","84.546318"
"2052","Total Nacional","Mujeres","Esperanza de vida al nacimiento","proyectado","Definitivo","INE - Proyecciones de Poblacion 2024-2074, tabla API 36775","https://servicios.ine.es/wstempus/js/ES/DATOS_TABLA/36775?tip=AM","88.880212"
"2053","Total Nacional","Hombres","Esperanza de vida al nacimiento","proyectado","Definitivo","INE - Proyecciones de Poblacion 2024-2074, tabla API 36775","https://servicios.ine.es/wstempus/js/ES/DATOS_TABLA/36775?tip=AM","84.646116"
"2053","Total Nacional","Mujeres","Esperanza de vida al nacimiento","proyectado","Definitivo","INE - Proyecciones de Poblacion 2024-2074, tabla API 36775","https://servicios.ine.es/wstempus/js/ES/DATOS_TABLA/36775?tip=AM","88.946704"
"2054","Total Nacional","Hombres","Esperanza de vida al nacimiento","proyectado","Definitivo","INE - Proyecciones de Poblacion 2024-2074, tabla API 36775","https://servicios.ine.es/wstempus/js/ES/DATOS_TABLA/36775?tip=AM","84.743663"
"2054","Total Nacional","Mujeres","Esperanza de vida al nacimiento","proyectado","Definitivo","INE - Proyecciones de Poblacion 2024-2074, tabla API 36775","https://servicios.ine.es/wstempus/js/ES/DATOS_TABLA/36775?tip=AM","89.011798"
"2055","Total Nacional","Hombres","Esperanza de vida al nacimiento","proyectado","Definitivo","INE - Proyecciones de Poblacion 2024-2074, tabla API 36775","https://servicios.ine.es/wstempus/js/ES/DATOS_TABLA/36775?tip=AM","84.839003"
"2055","Total Nacional","Mujeres","Esperanza de vida al nacimiento","proyectado","Definitivo","INE - Proyecciones de Poblacion 2024-2074, tabla API 36775","https://servicios.ine.es/wstempus/js/ES/DATOS_TABLA/36775?tip=AM","89.075507"
"2056","Total Nacional","Hombres","Esperanza de vida al nacimiento","proyectado","Definitivo","INE - Proyecciones de Poblacion 2024-2074, tabla API 36775","https://servicios.ine.es/wstempus/js/ES/DATOS_TABLA/36775?tip=AM","84.932179"
"2056","Total Nacional","Mujeres","Esperanza de vida al nacimiento","proyectado","Definitivo","INE - Proyecciones de Poblacion 2024-2074, tabla API 36775","https://servicios.ine.es/wstempus/js/ES/DATOS_TABLA/36775?tip=AM","89.137843"
"2057","Total Nacional","Hombres","Esperanza de vida al nacimiento","proyectado","Definitivo","INE - Proyecciones de Poblacion 2024-2074, tabla API 36775","https://servicios.ine.es/wstempus/js/ES/DATOS_TABLA/36775?tip=AM","85.023233"
"2057","Total Nacional","Mujeres","Esperanza de vida al nacimiento","proyectado","Definitivo","INE - Proyecciones de Poblacion 2024-2074, tabla API 36775","https://servicios.ine.es/wstempus/js/ES/DATOS_TABLA/36775?tip=AM","89.198821"
"2058","Total Nacional","Hombres","Esperanza de vida al nacimiento","proyectado","Definitivo","INE - Proyecciones de Poblacion 2024-2074, tabla API 36775","https://servicios.ine.es/wstempus/js/ES/DATOS_TABLA/36775?tip=AM","85.112211"
"2058","Total Nacional","Mujeres","Esperanza de vida al nacimiento","proyectado","Definitivo","INE - Proyecciones de Poblacion 2024-2074, tabla API 36775","https://servicios.ine.es/wstempus/js/ES/DATOS_TABLA/36775?tip=AM","89.258455"
"2059","Total Nacional","Hombres","Esperanza de vida al nacimiento","proyectado","Definitivo","INE - Proyecciones de Poblacion 2024-2074, tabla API 36775","https://servicios.ine.es/wstempus/js/ES/DATOS_TABLA/36775?tip=AM","85.199159"
"2059","Total Nacional","Mujeres","Esperanza de vida al nacimiento","proyectado","Definitivo","INE - Proyecciones de Poblacion 2024-2074, tabla API 36775","https://servicios.ine.es/wstempus/js/ES/DATOS_TABLA/36775?tip=AM","89.31676"
"2060","Total Nacional","Hombres","Esperanza de vida al nacimiento","proyectado","Definitivo","INE - Proyecciones de Poblacion 2024-2074, tabla API 36775","https://servicios.ine.es/wstempus/js/ES/DATOS_TABLA/36775?tip=AM","85.284123"
"2060","Total Nacional","Mujeres","Esperanza de vida al nacimiento","proyectado","Definitivo","INE - Proyecciones de Poblacion 2024-2074, tabla API 36775","https://servicios.ine.es/wstempus/js/ES/DATOS_TABLA/36775?tip=AM","89.373751"
"2061","Total Nacional","Hombres","Esperanza de vida al nacimiento","proyectado","Definitivo","INE - Proyecciones de Poblacion 2024-2074, tabla API 36775","https://servicios.ine.es/wstempus/js/ES/DATOS_TABLA/36775?tip=AM","85.367148"
"2061","Total Nacional","Mujeres","Esperanza de vida al nacimiento","proyectado","Definitivo","INE - Proyecciones de Poblacion 2024-2074, tabla API 36775","https://servicios.ine.es/wstempus/js/ES/DATOS_TABLA/36775?tip=AM","89.429445"
"2062","Total Nacional","Hombres","Esperanza de vida al nacimiento","proyectado","Definitivo","INE - Proyecciones de Poblacion 2024-2074, tabla API 36775","https://servicios.ine.es/wstempus/js/ES/DATOS_TABLA/36775?tip=AM","85.448282"
"2062","Total Nacional","Mujeres","Esperanza de vida al nacimiento","proyectado","Definitivo","INE - Proyecciones de Poblacion 2024-2074, tabla API 36775","https://servicios.ine.es/wstempus/js/ES/DATOS_TABLA/36775?tip=AM","89.483858"
"2063","Total Nacional","Hombres","Esperanza de vida al nacimiento","proyectado","Definitivo","INE - Proyecciones de Poblacion 2024-2074, tabla API 36775","https://servicios.ine.es/wstempus/js/ES/DATOS_TABLA/36775?tip=AM","85.527571"
"2063","Total Nacional","Mujeres","Esperanza de vida al nacimiento","proyectado","Definitivo","INE - Proyecciones de Poblacion 2024-2074, tabla API 36775","https://servicios.ine.es/wstempus/js/ES/DATOS_TABLA/36775?tip=AM","89.537008"
"2064","Total Nacional","Hombres","Esperanza de vida al nacimiento","proyectado","Definitivo","INE - Proyecciones de Poblacion 2024-2074, tabla API 36775","https://servicios.ine.es/wstempus/js/ES/DATOS_TABLA/36775?tip=AM","85.583131"
"2064","Total Nacional","Mujeres","Esperanza de vida al nacimiento","proyectado","Definitivo","INE - Proyecciones de Poblacion 2024-2074, tabla API 36775","https://servicios.ine.es/wstempus/js/ES/DATOS_TABLA/36775?tip=AM","89.588912"
"2065","Total Nacional","Hombres","Esperanza de vida al nacimiento","proyectado","Definitivo","INE - Proyecciones de Poblacion 2024-2074, tabla API 36775","https://servicios.ine.es/wstempus/js/ES/DATOS_TABLA/36775?tip=AM","85.636765"
"2065","Total Nacional","Mujeres","Esperanza de vida al nacimiento","proyectado","Definitivo","INE - Proyecciones de Poblacion 2024-2074, tabla API 36775","https://servicios.ine.es/wstempus/js/ES/DATOS_TABLA/36775?tip=AM","89.639589"
"2066","Total Nacional","Hombres","Esperanza de vida al nacimiento","proyectado","Definitivo","INE - Proyecciones de Poblacion 2024-2074, tabla API 36775","https://servicios.ine.es/wstempus/js/ES/DATOS_TABLA/36775?tip=AM","85.688526"
"2066","Total Nacional","Mujeres","Esperanza de vida al nacimiento","proyectado","Definitivo","INE - Proyecciones de Poblacion 2024-2074, tabla API 36775","https://servicios.ine.es/wstempus/js/ES/DATOS_TABLA/36775?tip=AM","89.689056"
"2067","Total Nacional","Hombres","Esperanza de vida al nacimiento","proyectado","Definitivo","INE - Proyecciones de Poblacion 2024-2074, tabla API 36775","https://servicios.ine.es/wstempus/js/ES/DATOS_TABLA/36775?tip=AM","85.738466"
"2067","Total Nacional","Mujeres","Esperanza de vida al nacimiento","proyectado","Definitivo","INE - Proyecciones de Poblacion 2024-2074, tabla API 36775","https://servicios.ine.es/wstempus/js/ES/DATOS_TABLA/36775?tip=AM","89.737332"
"2068","Total Nacional","Hombres","Esperanza de vida al nacimiento","proyectado","Definitivo","INE - Proyecciones de Poblacion 2024-2074, tabla API 36775","https://servicios.ine.es/wstempus/js/ES/DATOS_TABLA/36775?tip=AM","85.786639"
"2068","Total Nacional","Mujeres","Esperanza de vida al nacimiento","proyectado","Definitivo","INE - Proyecciones de Poblacion 2024-2074, tabla API 36775","https://servicios.ine.es/wstempus/js/ES/DATOS_TABLA/36775?tip=AM","89.784436"
"2069","Total Nacional","Hombres","Esperanza de vida al nacimiento","proyectado","Definitivo","INE - Proyecciones de Poblacion 2024-2074, tabla API 36775","https://servicios.ine.es/wstempus/js/ES/DATOS_TABLA/36775?tip=AM","85.833095"
"2069","Total Nacional","Mujeres","Esperanza de vida al nacimiento","proyectado","Definitivo","INE - Proyecciones de Poblacion 2024-2074, tabla API 36775","https://servicios.ine.es/wstempus/js/ES/DATOS_TABLA/36775?tip=AM","89.830388"
"2070","Total Nacional","Hombres","Esperanza de vida al nacimiento","proyectado","Definitivo","INE - Proyecciones de Poblacion 2024-2074, tabla API 36775","https://servicios.ine.es/wstempus/js/ES/DATOS_TABLA/36775?tip=AM","85.877885"
"2070","Total Nacional","Mujeres","Esperanza de vida al nacimiento","proyectado","Definitivo","INE - Proyecciones de Poblacion 2024-2074, tabla API 36775","https://servicios.ine.es/wstempus/js/ES/DATOS_TABLA/36775?tip=AM","89.875206"
