"anio","mes_referencia","ambito_geografico","pensiones_contributivas","pensiones_contributivas_millones","estado_dato","fuente","metodo","cobertura","pensionistas_airef_millones","ratio_pensiones_por_pensionista_aplicado","nota"
"1975","","Espana","","","no_estimado","Seguridad Social / Anuario MITES / eSTADISS","No se genera valor sin procesar una fuente historica tabular compatible.","Fila de cobertura para el periodo solicitado; pendiente localizar/procesar Anuarios o exportacion eSTADISS para los anos sin tabla online fiable.","","","No usar como cero. Hueco documental pendiente para 1975-1985: las rutas MITES comprobadas devuelven pagina 404 moderna; existen PDFs INEbase candidatos para algunos anos, pero requieren extraccion compatible antes de uso editorial."
"1976","","Espana","","","no_estimado","Seguridad Social / Anuario MITES / eSTADISS","No se genera valor sin procesar una fuente historica tabular compatible.","Fila de cobertura para el periodo solicitado; pendiente localizar/procesar Anuarios o exportacion eSTADISS para los anos sin tabla online fiable.","","","No usar como cero. Hueco documental pendiente para 1975-1985: las rutas MITES comprobadas devuelven pagina 404 moderna; existen PDFs INEbase candidatos para algunos anos, pero requieren extraccion compatible antes de uso editorial."
"1977","","Espana","","","no_estimado","Seguridad Social / Anuario MITES / eSTADISS","No se genera valor sin procesar una fuente historica tabular compatible.","Fila de cobertura para el periodo solicitado; pendiente localizar/procesar Anuarios o exportacion eSTADISS para los anos sin tabla online fiable.","","","No usar como cero. Hueco documental pendiente para 1975-1985: las rutas MITES comprobadas devuelven pagina 404 moderna; existen PDFs INEbase candidatos para algunos anos, pero requieren extraccion compatible antes de uso editorial."
"1978","","Espana","","","no_estimado","Seguridad Social / Anuario MITES / eSTADISS","No se genera valor sin procesar una fuente historica tabular compatible.","Fila de cobertura para el periodo solicitado; pendiente localizar/procesar Anuarios o exportacion eSTADISS para los anos sin tabla online fiable.","","","No usar como cero. Hueco documental pendiente para 1975-1985: las rutas MITES comprobadas devuelven pagina 404 moderna; existen PDFs INEbase candidatos para algunos anos, pero requieren extraccion compatible antes de uso editorial."
"1979","","Espana","","","no_estimado","Seguridad Social / Anuario MITES / eSTADISS","No se genera valor sin procesar una fuente historica tabular compatible.","Fila de cobertura para el periodo solicitado; pendiente localizar/procesar Anuarios o exportacion eSTADISS para los anos sin tabla online fiable.","","","No usar como cero. Hueco documental pendiente para 1975-1985: las rutas MITES comprobadas devuelven pagina 404 moderna; existen PDFs INEbase candidatos para algunos anos, pero requieren extraccion compatible antes de uso editorial."
"1980","","Espana","","","no_estimado","Seguridad Social / Anuario MITES / eSTADISS","No se genera valor sin procesar una fuente historica tabular compatible.","Fila de cobertura para el periodo solicitado; pendiente localizar/procesar Anuarios o exportacion eSTADISS para los anos sin tabla online fiable.","","","No usar como cero. Hueco documental pendiente para 1975-1985: las rutas MITES comprobadas devuelven pagina 404 moderna; existen PDFs INEbase candidatos para algunos anos, pero requieren extraccion compatible antes de uso editorial."
"1981","","Espana","","","no_estimado","Seguridad Social / Anuario MITES / eSTADISS","No se genera valor sin procesar una fuente historica tabular compatible.","Fila de cobertura para el periodo solicitado; pendiente localizar/procesar Anuarios o exportacion eSTADISS para los anos sin tabla online fiable.","","","No usar como cero. Hueco documental pendiente para 1975-1985: las rutas MITES comprobadas devuelven pagina 404 moderna; existen PDFs INEbase candidatos para algunos anos, pero requieren extraccion compatible antes de uso editorial."
"1982","","Espana","","","no_estimado","Seguridad Social / Anuario MITES / eSTADISS","No se genera valor sin procesar una fuente historica tabular compatible.","Fila de cobertura para el periodo solicitado; pendiente localizar/procesar Anuarios o exportacion eSTADISS para los anos sin tabla online fiable.","","","No usar como cero. Hueco documental pendiente para 1975-1985: las rutas MITES comprobadas devuelven pagina 404 moderna; existen PDFs INEbase candidatos para algunos anos, pero requieren extraccion compatible antes de uso editorial."
"1983","","Espana","","","no_estimado","Seguridad Social / Anuario MITES / eSTADISS","No se genera valor sin procesar una fuente historica tabular compatible.","Fila de cobertura para el periodo solicitado; pendiente localizar/procesar Anuarios o exportacion eSTADISS para los anos sin tabla online fiable.","","","No usar como cero. Hueco documental pendiente para 1975-1985: las rutas MITES comprobadas devuelven pagina 404 moderna; existen PDFs INEbase candidatos para algunos anos, pero requieren extraccion compatible antes de uso editorial."
"1984","","Espana","","","no_estimado","Seguridad Social / Anuario MITES / eSTADISS","No se genera valor sin procesar una fuente historica tabular compatible.","Fila de cobertura para el periodo solicitado; pendiente localizar/procesar Anuarios o exportacion eSTADISS para los anos sin tabla online fiable.","","","No usar como cero. Hueco documental pendiente para 1975-1985: las rutas MITES comprobadas devuelven pagina 404 moderna; existen PDFs INEbase candidatos para algunos anos, pero requieren extraccion compatible antes de uso editorial."
"1985","","Espana","","","no_estimado","Seguridad Social / Anuario MITES / eSTADISS","No se genera valor sin procesar una fuente historica tabular compatible.","Fila de cobertura para el periodo solicitado; pendiente localizar/procesar Anuarios o exportacion eSTADISS para los anos sin tabla online fiable.","","","No usar como cero. Hueco documental pendiente para 1975-1985: las rutas MITES comprobadas devuelven pagina 404 moderna; existen PDFs INEbase candidatos para algunos anos, pero requieren extraccion compatible antes de uso editorial."
"1986","media anual","Espana","5456100","5.4561","observado","INEbase Historia - Anuario Estadistico de Espana 1991, tabla 3.3.1","Transcripcion de tabla oficial de Anuario INEbase/INE/MITES. Unidad original: miles de pensiones, media anual.","Pensiones contributivas del sistema de la Seguridad Social por clase.","","","Media anual en miles de pensiones. Fuente original indicada por INE: Anuario de Estadisticas Laborales, Ministerio de Trabajo y Seguridad Social."
"1987","media anual","Espana","5615600","5.6156","observado","INEbase Historia - Anuario Estadistico de Espana 1992, tabla 3.3.1","Transcripcion de tabla oficial de Anuario INEbase/INE/MITES. Unidad original: miles de pensiones, media anual.","Pensiones contributivas del sistema de la Seguridad Social por clase.","","","Media anual en miles de pensiones. Fuente original indicada por INE: Anuario de Estadisticas Laborales, Ministerio de Trabajo y Seguridad Social."
"1988","media anual","Espana","5785600","5.7856","observado","INEbase Historia - Anuario Estadistico de Espana 1992, tabla 3.3.1","Transcripcion de tabla oficial de Anuario INEbase/INE/MITES. Unidad original: miles de pensiones, media anual.","Pensiones contributivas del sistema de la Seguridad Social por clase.","","","Media anual en miles de pensiones. Fuente original indicada por INE: Anuario de Estadisticas Laborales, Ministerio de Trabajo y Seguridad Social."
"1989","media anual","Espana","5942800","5.9428","observado","INEbase Historia - Anuario Estadistico de Espana 1994, tabla 3.3.1","Transcripcion de tabla oficial de Anuario INEbase/INE/MITES. Unidad original: miles de pensiones, media anual.","Pensiones contributivas del sistema de la Seguridad Social por clase.","","","Media anual en miles de pensiones. Fuente original indicada por INE: Anuario de Estadisticas Laborales, Ministerio de Trabajo y Seguridad Social."
"1990","media anual","Espana","6102100","6.1021","observado","INEbase Historia - Anuario Estadistico de Espana 1994, tabla 3.3.1","Transcripcion de tabla oficial de Anuario INEbase/INE/MITES. Unidad original: miles de pensiones, media anual.","Pensiones contributivas del sistema de la Seguridad Social por clase.","","","Media anual en miles de pensiones. Fuente original indicada por INE: Anuario de Estadisticas Laborales, Ministerio de Trabajo y Seguridad Social."
"1991","media anual","Espana","6253400","6.2534","observado","INEbase Historia - Anuario Estadistico de Espana 1994, tabla 3.3.1","Transcripcion de tabla oficial de Anuario INEbase/INE/MITES. Unidad original: miles de pensiones, media anual.","Pensiones contributivas del sistema de la Seguridad Social por clase.","","","Media anual en miles de pensiones. Fuente original indicada por INE: Anuario de Estadisticas Laborales, Ministerio de Trabajo y Seguridad Social."
"1992","media anual","Espana","6422600","6.4226","observado","INEbase Historia - Anuario Estadistico de Espana 1994, tabla 3.3.1","Transcripcion de tabla oficial de Anuario INEbase/INE/MITES. Unidad original: miles de pensiones, media anual.","Pensiones contributivas del sistema de la Seguridad Social por clase.","","","Media anual en miles de pensiones. Fuente original indicada por INE: Anuario de Estadisticas Laborales, Ministerio de Trabajo y Seguridad Social."
"1993","media anual","Espana","6605600","6.6056","observado","INEbase Historia - Anuario Estadistico de Espana 1994, tabla 3.3.1","Transcripcion de tabla oficial de Anuario INEbase/INE/MITES. Unidad original: miles de pensiones, media anual.","Pensiones contributivas del sistema de la Seguridad Social por clase.","","","Media anual en miles de pensiones. Fuente original indicada por INE: Anuario de Estadisticas Laborales, Ministerio de Trabajo y Seguridad Social."
"1994","media anual","Espana","6822400","6.8224","observado","INEbase Historia - Anuario Estadistico de Espana 1995, pensiones contributivas por clases","Transcripcion de tabla oficial de Anuario INEbase/INE/MITES. Unidad original: miles de pensiones, media anual.","Pensiones contributivas del sistema de la Seguridad Social por clase.","","","Media anual en miles de pensiones. Fuente original indicada por INE: Anuario de Estadisticas Laborales 1989, Ministerio de Trabajo y Seguridad Social."
"1995","media anual","Espana","6966100","6.9661","observado","INE - Anuario Estadistico de Espana 1999, tabla 3.3.3","Transcripcion de tabla oficial de Anuario INEbase/INE/MITES. Unidad original: miles de pensiones, media anual.","Pensiones contributivas del sistema de la Seguridad Social por clase.","","","Media anual en miles de pensiones. Fuente original indicada por INE: Anuario de Estadisticas Laborales y de Asuntos Sociales."
"1996","media anual","Espana","7110200","7.1102","observado","INE - Anuario Estadistico de Espana 1999, tabla 3.3.3","Transcripcion de tabla oficial de Anuario INEbase/INE/MITES. Unidad original: miles de pensiones, media anual.","Pensiones contributivas del sistema de la Seguridad Social por clase.","","","Media anual en miles de pensiones. Fuente original indicada por INE: Anuario de Estadisticas Laborales y de Asuntos Sociales."
"1997","media anual","Espana","7279300","7.2793","observado","INE - Anuario Estadistico de Espana 1999, tabla 3.3.3","Transcripcion de tabla oficial de Anuario INEbase/INE/MITES. Unidad original: miles de pensiones, media anual.","Pensiones contributivas del sistema de la Seguridad Social por clase.","","","Media anual en miles de pensiones. Fuente original indicada por INE: Anuario de Estadisticas Laborales y de Asuntos Sociales."
"1998","media anual","Espana","7410700","7.4107","observado","INE - Anuario Estadistico de Espana 1999, tabla 3.3.3","Transcripcion de tabla oficial de Anuario INEbase/INE/MITES. Unidad original: miles de pensiones, media anual.","Pensiones contributivas del sistema de la Seguridad Social por clase.","","","Media anual en miles de pensiones. Fuente original indicada por INE: Anuario de Estadisticas Laborales y de Asuntos Sociales."
"1999","media anual","Espana","7509300","7.5093","observado","INE - Anuario Estadistico de Espana 2004, tabla 7.3.5","Transcripcion de tabla oficial de Anuario INEbase/INE/MITES. Unidad original: miles de pensiones, media anual.","Pensiones contributivas del sistema de la Seguridad Social por clase.","","","Media anual en miles de pensiones. Fuente original indicada por INE: Anuario de Estadisticas Laborales y de Asuntos Sociales."
"2000","media anual","Espana","7598900","7.5989","observado","INE - Anuario Estadistico de Espana 2004, tabla 7.3.5","Transcripcion de tabla oficial de Anuario INEbase/INE/MITES. Unidad original: miles de pensiones, media anual.","Pensiones contributivas del sistema de la Seguridad Social por clase.","","","Media anual en miles de pensiones. Fuente original indicada por INE: Anuario de Estadisticas Laborales y de Asuntos Sociales."
"2001","media anual","Espana","7677900","7.6779","observado","MITES - Anuario 2001, PEN-01","Transcripcion de tabla oficial de Anuario INEbase/INE/MITES. Unidad original: miles de pensiones, media anual.","Pensiones contributivas del sistema de la Seguridad Social por clase.","","","Media anual en miles de pensiones. Tabla HTML oficial descargada."
"2002","media anual","Espana","7745800","7.7458","observado","MITES - Anuario 2002, PEN-01","Transcripcion de tabla oficial de Anuario INEbase/INE/MITES. Unidad original: miles de pensiones, media anual.","Pensiones contributivas del sistema de la Seguridad Social por clase.","","","Media anual en miles de pensiones. Tabla HTML oficial descargada."
"2003","media anual","Espana","7878600","7.8786","observado","MITES - Anuario 2004, PEN-01, columna 2003","Transcripcion de tabla oficial de Anuario INEbase/INE/MITES. Unidad original: miles de pensiones, media anual.","Pensiones contributivas del sistema de la Seguridad Social por clase.","","","Media anual en miles de pensiones. Se toma del Anuario 2004 porque la tabla incluye el ano anterior."
"2004","media anual","Espana","7819500","7.8195","observado","MITES - Anuario 2004, PEN-01","Transcripcion de tabla oficial de Anuario INEbase/INE/MITES. Unidad original: miles de pensiones, media anual.","Pensiones contributivas del sistema de la Seguridad Social por clase.","","","Media anual en miles de pensiones. Tabla HTML oficial descargada."
"2005","media anual","Espana","7979700","7.9797","observado","MITES - Anuario 2006, PEN-01, columna 2005","Transcripcion de tabla oficial de Anuario INEbase/INE/MITES. Unidad original: miles de pensiones, media anual.","Pensiones contributivas del sistema de la Seguridad Social por clase.","","","Media anual en miles de pensiones. Se toma del Anuario 2006 porque la tabla incluye el ano anterior."
"2006","Diciembre","Espana","8227243","8.227243","observado","Seguridad Social - Libro Evolucion mensual de las pensiones, hoja Pnes y ptas","Extraccion directa del campo PENSIONES. Diciembre para 2006-2025 y abril para 2026, ultimo mes disponible en el bruto local.","Pensiones contributivas en vigor; una persona con varias pensiones puede computar varias veces.","","1.09778761","Dato de numero de pensiones, no de personas pensionistas."
"2007","Diciembre","Espana","8334316","8.334316","observado","Seguridad Social - Libro Evolucion mensual de las pensiones, hoja Pnes y ptas","Extraccion directa del campo PENSIONES. Diciembre para 2006-2025 y abril para 2026, ultimo mes disponible en el bruto local.","Pensiones contributivas en vigor; una persona con varias pensiones puede computar varias veces.","","1.09856122","Dato de numero de pensiones, no de personas pensionistas."
"2008","Diciembre","Espana","8464342","8.464342","observado","Seguridad Social - Libro Evolucion mensual de las pensiones, hoja Pnes y ptas","Extraccion directa del campo PENSIONES. Diciembre para 2006-2025 y abril para 2026, ultimo mes disponible en el bruto local.","Pensiones contributivas en vigor; una persona con varias pensiones puede computar varias veces.","","1.09915828","Dato de numero de pensiones, no de personas pensionistas."
"2009","Diciembre","Espana","8604119","8.604119","observado","Seguridad Social - Libro Evolucion mensual de las pensiones, hoja Pnes y ptas","Extraccion directa del campo PENSIONES. Diciembre para 2006-2025 y abril para 2026, ultimo mes disponible en el bruto local.","Pensiones contributivas en vigor; una persona con varias pensiones puede computar varias veces.","","1.09936898","Dato de numero de pensiones, no de personas pensionistas."
"2010","Diciembre","Espana","8739732","8.739732","observado","Seguridad Social - Libro Evolucion mensual de las pensiones, hoja Pnes y ptas","Extraccion directa del campo PENSIONES. Diciembre para 2006-2025 y abril para 2026, ultimo mes disponible en el bruto local.","Pensiones contributivas en vigor; una persona con varias pensiones puede computar varias veces.","","1.09954994","Dato de numero de pensiones, no de personas pensionistas."
"2011","Diciembre","Espana","8866277","8.866277","observado","Seguridad Social - Libro Evolucion mensual de las pensiones, hoja Pnes y ptas","Extraccion directa del campo PENSIONES. Diciembre para 2006-2025 y abril para 2026, ultimo mes disponible en el bruto local.","Pensiones contributivas en vigor; una persona con varias pensiones puede computar varias veces.","","1.0997908","Dato de numero de pensiones, no de personas pensionistas."
"2012","Diciembre","Espana","8999045","8.999045","observado","Seguridad Social - Libro Evolucion mensual de las pensiones, hoja Pnes y ptas","Extraccion directa del campo PENSIONES. Diciembre para 2006-2025 y abril para 2026, ultimo mes disponible en el bruto local.","Pensiones contributivas en vigor; una persona con varias pensiones puede computar varias veces.","","1.09984378","Dato de numero de pensiones, no de personas pensionistas."
"2013","Diciembre","Espana","9145966","9.145966","observado","Seguridad Social - Libro Evolucion mensual de las pensiones, hoja Pnes y ptas","Extraccion directa del campo PENSIONES. Diciembre para 2006-2025 y abril para 2026, ultimo mes disponible en el bruto local.","Pensiones contributivas en vigor; una persona con varias pensiones puede computar varias veces.","","1.09982652","Dato de numero de pensiones, no de personas pensionistas."
"2014","Diciembre","Espana","9270942","9.270942","observado","Seguridad Social - Libro Evolucion mensual de las pensiones, hoja Pnes y ptas","Extraccion directa del campo PENSIONES. Diciembre para 2006-2025 y abril para 2026, ultimo mes disponible en el bruto local.","Pensiones contributivas en vigor; una persona con varias pensiones puede computar varias veces.","","1.09993632","Dato de numero de pensiones, no de personas pensionistas."
"2015","Diciembre","Espana","9360799","9.360799","observado","Seguridad Social - Libro Evolucion mensual de las pensiones, hoja Pnes y ptas","Extraccion directa del campo PENSIONES. Diciembre para 2006-2025 y abril para 2026, ultimo mes disponible en el bruto local.","Pensiones contributivas en vigor; una persona con varias pensiones puede computar varias veces.","","1.10017263","Dato de numero de pensiones, no de personas pensionistas."
"2016","Diciembre","Espana","9473482","9.473482","observado","Seguridad Social - Libro Evolucion mensual de las pensiones, hoja Pnes y ptas","Extraccion directa del campo PENSIONES. Diciembre para 2006-2025 y abril para 2026, ultimo mes disponible en el bruto local.","Pensiones contributivas en vigor; una persona con varias pensiones puede computar varias veces.","","1.10040521","Dato de numero de pensiones, no de personas pensionistas."
"2017","Diciembre","Espana","9581770","9.58177","observado","Seguridad Social - Libro Evolucion mensual de las pensiones, hoja Pnes y ptas","Extraccion directa del campo PENSIONES. Diciembre para 2006-2025 y abril para 2026, ultimo mes disponible en el bruto local.","Pensiones contributivas en vigor; una persona con varias pensiones puede computar varias veces.","","1.10063089","Dato de numero de pensiones, no de personas pensionistas."
"2018","Diciembre","Espana","9696272","9.696272","observado","Seguridad Social - Libro Evolucion mensual de las pensiones, hoja Pnes y ptas","Extraccion directa del campo PENSIONES. Diciembre para 2006-2025 y abril para 2026, ultimo mes disponible en el bruto local.","Pensiones contributivas en vigor; una persona con varias pensiones puede computar varias veces.","","1.10100532","Dato de numero de pensiones, no de personas pensionistas."
"2019","Diciembre","Espana","9801379","9.801379","observado","Seguridad Social - Libro Evolucion mensual de las pensiones, hoja Pnes y ptas","Extraccion directa del campo PENSIONES. Diciembre para 2006-2025 y abril para 2026, ultimo mes disponible en el bruto local.","Pensiones contributivas en vigor; una persona con varias pensiones puede computar varias veces.","","1.10153821","Dato de numero de pensiones, no de personas pensionistas."
"2020","Diciembre","Espana","9809019","9.809019","observado","Seguridad Social - Libro Evolucion mensual de las pensiones, hoja Pnes y ptas","Extraccion directa del campo PENSIONES. Diciembre para 2006-2025 y abril para 2026, ultimo mes disponible en el bruto local.","Pensiones contributivas en vigor; una persona con varias pensiones puede computar varias veces.","","1.10225289","Dato de numero de pensiones, no de personas pensionistas."
"2021","Diciembre","Espana","9916966","9.916966","observado","Seguridad Social - Libro Evolucion mensual de las pensiones, hoja Pnes y ptas","Extraccion directa del campo PENSIONES. Diciembre para 2006-2025 y abril para 2026, ultimo mes disponible en el bruto local.","Pensiones contributivas en vigor; una persona con varias pensiones puede computar varias veces.","","1.10304785","Dato de numero de pensiones, no de personas pensionistas."
"2022","Diciembre","Espana","9994836","9.994836","observado","Seguridad Social - Libro Evolucion mensual de las pensiones, hoja Pnes y ptas","Extraccion directa del campo PENSIONES. Diciembre para 2006-2025 y abril para 2026, ultimo mes disponible en el bruto local.","Pensiones contributivas en vigor; una persona con varias pensiones puede computar varias veces.","","1.10396872","Dato de numero de pensiones, no de personas pensionistas."
"2023","Diciembre","Espana","10111991","10.111991","observado","Seguridad Social - Libro Evolucion mensual de las pensiones, hoja Pnes y ptas","Extraccion directa del campo PENSIONES. Diciembre para 2006-2025 y abril para 2026, ultimo mes disponible en el bruto local.","Pensiones contributivas en vigor; una persona con varias pensiones puede computar varias veces.","","1.10459082","Dato de numero de pensiones, no de personas pensionistas."
"2024","Diciembre","Espana","10281477","10.281477","observado","Seguridad Social - Libro Evolucion mensual de las pensiones, hoja Pnes y ptas","Extraccion directa del campo PENSIONES. Diciembre para 2006-2025 y abril para 2026, ultimo mes disponible en el bruto local.","Pensiones contributivas en vigor; una persona con varias pensiones puede computar varias veces.","","1.10505274","Dato de numero de pensiones, no de personas pensionistas."
"2025","Diciembre","Espana","10434856","10.434856","observado","Seguridad Social - Libro Evolucion mensual de las pensiones, hoja Pnes y ptas","Extraccion directa del campo PENSIONES. Diciembre para 2006-2025 y abril para 2026, ultimo mes disponible en el bruto local.","Pensiones contributivas en vigor; una persona con varias pensiones puede computar varias veces.","","1.10555371","Dato de numero de pensiones, no de personas pensionistas."
"2026","Abril","Espana","10476332","10.476332","observado","Seguridad Social - Libro Evolucion mensual de las pensiones, hoja Pnes y ptas","Extraccion directa del campo PENSIONES. Diciembre para 2006-2025 y abril para 2026, ultimo mes disponible en el bruto local.","Pensiones contributivas en vigor; una persona con varias pensiones puede computar varias veces.","","1.10553248","Dato de numero de pensiones, no de personas pensionistas."
"2027","anual","Espana","11900734","11.900734","modelizado","Modelo propio con AIReF Grafico 6 y ratio pensiones/pensionistas de Seguridad Social abril 2026","Pensiones modelizadas = pensionistas AIReF escenario AIReF * ratio pensiones/pensionistas observado en abril de 2026.","Proxy anual para mantener el eje 1975-2070. No es una proyeccion oficial del numero de pensiones contributivas.","10.764708","1.10553248","El ratio pensiones/persona se mantiene constante; no modela pluripension futura, cambios normativos ni composicion por clase."
"2028","anual","Espana","12090548","12.090548","modelizado","Modelo propio con AIReF Grafico 6 y ratio pensiones/pensionistas de Seguridad Social abril 2026","Pensiones modelizadas = pensionistas AIReF escenario AIReF * ratio pensiones/pensionistas observado en abril de 2026.","Proxy anual para mantener el eje 1975-2070. No es una proyeccion oficial del numero de pensiones contributivas.","10.936402","1.10553248","El ratio pensiones/persona se mantiene constante; no modela pluripension futura, cambios normativos ni composicion por clase."
"2029","anual","Espana","12288870","12.28887","modelizado","Modelo propio con AIReF Grafico 6 y ratio pensiones/pensionistas de Seguridad Social abril 2026","Pensiones modelizadas = pensionistas AIReF escenario AIReF * ratio pensiones/pensionistas observado en abril de 2026.","Proxy anual para mantener el eje 1975-2070. No es una proyeccion oficial del numero de pensiones contributivas.","11.115793","1.10553248","El ratio pensiones/persona se mantiene constante; no modela pluripension futura, cambios normativos ni composicion por clase."
"2030","anual","Espana","12495999","12.495999","modelizado","Modelo propio con AIReF Grafico 6 y ratio pensiones/pensionistas de Seguridad Social abril 2026","Pensiones modelizadas = pensionistas AIReF escenario AIReF * ratio pensiones/pensionistas observado en abril de 2026.","Proxy anual para mantener el eje 1975-2070. No es una proyeccion oficial del numero de pensiones contributivas.","11.30315","1.10553248","El ratio pensiones/persona se mantiene constante; no modela pluripension futura, cambios normativos ni composicion por clase."
"2031","anual","Espana","12715158","12.715158","modelizado","Modelo propio con AIReF Grafico 6 y ratio pensiones/pensionistas de Seguridad Social abril 2026","Pensiones modelizadas = pensionistas AIReF escenario AIReF * ratio pensiones/pensionistas observado en abril de 2026.","Proxy anual para mantener el eje 1975-2070. No es una proyeccion oficial del numero de pensiones contributivas.","11.501388","1.10553248","El ratio pensiones/persona se mantiene constante; no modela pluripension futura, cambios normativos ni composicion por clase."
"2032","anual","Espana","12941864","12.941864","modelizado","Modelo propio con AIReF Grafico 6 y ratio pensiones/pensionistas de Seguridad Social abril 2026","Pensiones modelizadas = pensionistas AIReF escenario AIReF * ratio pensiones/pensionistas observado en abril de 2026.","Proxy anual para mantener el eje 1975-2070. No es una proyeccion oficial del numero de pensiones contributivas.","11.706453","1.10553248","El ratio pensiones/persona se mantiene constante; no modela pluripension futura, cambios normativos ni composicion por clase."
"2033","anual","Espana","13178522","13.178522","modelizado","Modelo propio con AIReF Grafico 6 y ratio pensiones/pensionistas de Seguridad Social abril 2026","Pensiones modelizadas = pensionistas AIReF escenario AIReF * ratio pensiones/pensionistas observado en abril de 2026.","Proxy anual para mantener el eje 1975-2070. No es una proyeccion oficial del numero de pensiones contributivas.","11.92052","1.10553248","El ratio pensiones/persona se mantiene constante; no modela pluripension futura, cambios normativos ni composicion por clase."
"2034","anual","Espana","13420869","13.420869","modelizado","Modelo propio con AIReF Grafico 6 y ratio pensiones/pensionistas de Seguridad Social abril 2026","Pensiones modelizadas = pensionistas AIReF escenario AIReF * ratio pensiones/pensionistas observado en abril de 2026.","Proxy anual para mantener el eje 1975-2070. No es una proyeccion oficial del numero de pensiones contributivas.","12.139733","1.10553248","El ratio pensiones/persona se mantiene constante; no modela pluripension futura, cambios normativos ni composicion por clase."
"2035","anual","Espana","13672568","13.672568","modelizado","Modelo propio con AIReF Grafico 6 y ratio pensiones/pensionistas de Seguridad Social abril 2026","Pensiones modelizadas = pensionistas AIReF escenario AIReF * ratio pensiones/pensionistas observado en abril de 2026.","Proxy anual para mantener el eje 1975-2070. No es una proyeccion oficial del numero de pensiones contributivas.","12.367405","1.10553248","El ratio pensiones/persona se mantiene constante; no modela pluripension futura, cambios normativos ni composicion por clase."
"2036","anual","Espana","13934372","13.934372","modelizado","Modelo propio con AIReF Grafico 6 y ratio pensiones/pensionistas de Seguridad Social abril 2026","Pensiones modelizadas = pensionistas AIReF escenario AIReF * ratio pensiones/pensionistas observado en abril de 2026.","Proxy anual para mantener el eje 1975-2070. No es una proyeccion oficial del numero de pensiones contributivas.","12.604218","1.10553248","El ratio pensiones/persona se mantiene constante; no modela pluripension futura, cambios normativos ni composicion por clase."
"2037","anual","Espana","14198898","14.198898","modelizado","Modelo propio con AIReF Grafico 6 y ratio pensiones/pensionistas de Seguridad Social abril 2026","Pensiones modelizadas = pensionistas AIReF escenario AIReF * ratio pensiones/pensionistas observado en abril de 2026.","Proxy anual para mantener el eje 1975-2070. No es una proyeccion oficial del numero de pensiones contributivas.","12.843492","1.10553248","El ratio pensiones/persona se mantiene constante; no modela pluripension futura, cambios normativos ni composicion por clase."
"2038","anual","Espana","14465554","14.465554","modelizado","Modelo propio con AIReF Grafico 6 y ratio pensiones/pensionistas de Seguridad Social abril 2026","Pensiones modelizadas = pensionistas AIReF escenario AIReF * ratio pensiones/pensionistas observado en abril de 2026.","Proxy anual para mantener el eje 1975-2070. No es una proyeccion oficial del numero de pensiones contributivas.","13.084694","1.10553248","El ratio pensiones/persona se mantiene constante; no modela pluripension futura, cambios normativos ni composicion por clase."
"2039","anual","Espana","14735473","14.735473","modelizado","Modelo propio con AIReF Grafico 6 y ratio pensiones/pensionistas de Seguridad Social abril 2026","Pensiones modelizadas = pensionistas AIReF escenario AIReF * ratio pensiones/pensionistas observado en abril de 2026.","Proxy anual para mantener el eje 1975-2070. No es una proyeccion oficial del numero de pensiones contributivas.","13.328847","1.10553248","El ratio pensiones/persona se mantiene constante; no modela pluripension futura, cambios normativos ni composicion por clase."
"2040","anual","Espana","15005309","15.005309","modelizado","Modelo propio con AIReF Grafico 6 y ratio pensiones/pensionistas de Seguridad Social abril 2026","Pensiones modelizadas = pensionistas AIReF escenario AIReF * ratio pensiones/pensionistas observado en abril de 2026.","Proxy anual para mantener el eje 1975-2070. No es una proyeccion oficial del numero de pensiones contributivas.","13.572925","1.10553248","El ratio pensiones/persona se mantiene constante; no modela pluripension futura, cambios normativos ni composicion por clase."
"2041","anual","Espana","15271515","15.271515","modelizado","Modelo propio con AIReF Grafico 6 y ratio pensiones/pensionistas de Seguridad Social abril 2026","Pensiones modelizadas = pensionistas AIReF escenario AIReF * ratio pensiones/pensionistas observado en abril de 2026.","Proxy anual para mantener el eje 1975-2070. No es una proyeccion oficial del numero de pensiones contributivas.","13.813719","1.10553248","El ratio pensiones/persona se mantiene constante; no modela pluripension futura, cambios normativos ni composicion por clase."
"2042","anual","Espana","15525203","15.525203","modelizado","Modelo propio con AIReF Grafico 6 y ratio pensiones/pensionistas de Seguridad Social abril 2026","Pensiones modelizadas = pensionistas AIReF escenario AIReF * ratio pensiones/pensionistas observado en abril de 2026.","Proxy anual para mantener el eje 1975-2070. No es una proyeccion oficial del numero de pensiones contributivas.","14.04319","1.10553248","El ratio pensiones/persona se mantiene constante; no modela pluripension futura, cambios normativos ni composicion por clase."
"2043","anual","Espana","15772779","15.772779","modelizado","Modelo propio con AIReF Grafico 6 y ratio pensiones/pensionistas de Seguridad Social abril 2026","Pensiones modelizadas = pensionistas AIReF escenario AIReF * ratio pensiones/pensionistas observado en abril de 2026.","Proxy anual para mantener el eje 1975-2070. No es una proyeccion oficial del numero de pensiones contributivas.","14.267133","1.10553248","El ratio pensiones/persona se mantiene constante; no modela pluripension futura, cambios normativos ni composicion por clase."
"2044","anual","Espana","16005957","16.005957","modelizado","Modelo propio con AIReF Grafico 6 y ratio pensiones/pensionistas de Seguridad Social abril 2026","Pensiones modelizadas = pensionistas AIReF escenario AIReF * ratio pensiones/pensionistas observado en abril de 2026.","Proxy anual para mantener el eje 1975-2070. No es una proyeccion oficial del numero de pensiones contributivas.","14.478052","1.10553248","El ratio pensiones/persona se mantiene constante; no modela pluripension futura, cambios normativos ni composicion por clase."
"2045","anual","Espana","16222831","16.222831","modelizado","Modelo propio con AIReF Grafico 6 y ratio pensiones/pensionistas de Seguridad Social abril 2026","Pensiones modelizadas = pensionistas AIReF escenario AIReF * ratio pensiones/pensionistas observado en abril de 2026.","Proxy anual para mantener el eje 1975-2070. No es una proyeccion oficial del numero de pensiones contributivas.","14.674224","1.10553248","El ratio pensiones/persona se mantiene constante; no modela pluripension futura, cambios normativos ni composicion por clase."
"2046","anual","Espana","16422403","16.422403","modelizado","Modelo propio con AIReF Grafico 6 y ratio pensiones/pensionistas de Seguridad Social abril 2026","Pensiones modelizadas = pensionistas AIReF escenario AIReF * ratio pensiones/pensionistas observado en abril de 2026.","Proxy anual para mantener el eje 1975-2070. No es una proyeccion oficial del numero de pensiones contributivas.","14.854745","1.10553248","El ratio pensiones/persona se mantiene constante; no modela pluripension futura, cambios normativos ni composicion por clase."
"2047","anual","Espana","16600900","16.6009","modelizado","Modelo propio con AIReF Grafico 6 y ratio pensiones/pensionistas de Seguridad Social abril 2026","Pensiones modelizadas = pensionistas AIReF escenario AIReF * ratio pensiones/pensionistas observado en abril de 2026.","Proxy anual para mantener el eje 1975-2070. No es una proyeccion oficial del numero de pensiones contributivas.","15.016203","1.10553248","El ratio pensiones/persona se mantiene constante; no modela pluripension futura, cambios normativos ni composicion por clase."
"2048","anual","Espana","16758358","16.758358","modelizado","Modelo propio con AIReF Grafico 6 y ratio pensiones/pensionistas de Seguridad Social abril 2026","Pensiones modelizadas = pensionistas AIReF escenario AIReF * ratio pensiones/pensionistas observado en abril de 2026.","Proxy anual para mantener el eje 1975-2070. No es una proyeccion oficial del numero de pensiones contributivas.","15.15863","1.10553248","El ratio pensiones/persona se mantiene constante; no modela pluripension futura, cambios normativos ni composicion por clase."
"2049","anual","Espana","16893698","16.893698","modelizado","Modelo propio con AIReF Grafico 6 y ratio pensiones/pensionistas de Seguridad Social abril 2026","Pensiones modelizadas = pensionistas AIReF escenario AIReF * ratio pensiones/pensionistas observado en abril de 2026.","Proxy anual para mantener el eje 1975-2070. No es una proyeccion oficial del numero de pensiones contributivas.","15.281051","1.10553248","El ratio pensiones/persona se mantiene constante; no modela pluripension futura, cambios normativos ni composicion por clase."
"2050","anual","Espana","17006784","17.006784","modelizado","Modelo propio con AIReF Grafico 6 y ratio pensiones/pensionistas de Seguridad Social abril 2026","Pensiones modelizadas = pensionistas AIReF escenario AIReF * ratio pensiones/pensionistas observado en abril de 2026.","Proxy anual para mantener el eje 1975-2070. No es una proyeccion oficial del numero de pensiones contributivas.","15.383342","1.10553248","El ratio pensiones/persona se mantiene constante; no modela pluripension futura, cambios normativos ni composicion por clase."
"2051","anual","Espana","17099559","17.099559","modelizado","Modelo propio con AIReF Grafico 6 y ratio pensiones/pensionistas de Seguridad Social abril 2026","Pensiones modelizadas = pensionistas AIReF escenario AIReF * ratio pensiones/pensionistas observado en abril de 2026.","Proxy anual para mantener el eje 1975-2070. No es una proyeccion oficial del numero de pensiones contributivas.","15.467261","1.10553248","El ratio pensiones/persona se mantiene constante; no modela pluripension futura, cambios normativos ni composicion por clase."
"2052","anual","Espana","17172027","17.172027","modelizado","Modelo propio con AIReF Grafico 6 y ratio pensiones/pensionistas de Seguridad Social abril 2026","Pensiones modelizadas = pensionistas AIReF escenario AIReF * ratio pensiones/pensionistas observado en abril de 2026.","Proxy anual para mantener el eje 1975-2070. No es una proyeccion oficial del numero de pensiones contributivas.","15.532811","1.10553248","El ratio pensiones/persona se mantiene constante; no modela pluripension futura, cambios normativos ni composicion por clase."
"2053","anual","Espana","17227415","17.227415","modelizado","Modelo propio con AIReF Grafico 6 y ratio pensiones/pensionistas de Seguridad Social abril 2026","Pensiones modelizadas = pensionistas AIReF escenario AIReF * ratio pensiones/pensionistas observado en abril de 2026.","Proxy anual para mantener el eje 1975-2070. No es una proyeccion oficial del numero de pensiones contributivas.","15.582912","1.10553248","El ratio pensiones/persona se mantiene constante; no modela pluripension futura, cambios normativos ni composicion por clase."
"2054","anual","Espana","17266470","17.26647","modelizado","Modelo propio con AIReF Grafico 6 y ratio pensiones/pensionistas de Seguridad Social abril 2026","Pensiones modelizadas = pensionistas AIReF escenario AIReF * ratio pensiones/pensionistas observado en abril de 2026.","Proxy anual para mantener el eje 1975-2070. No es una proyeccion oficial del numero de pensiones contributivas.","15.618239","1.10553248","El ratio pensiones/persona se mantiene constante; no modela pluripension futura, cambios normativos ni composicion por clase."
"2055","anual","Espana","17290679","17.290679","modelizado","Modelo propio con AIReF Grafico 6 y ratio pensiones/pensionistas de Seguridad Social abril 2026","Pensiones modelizadas = pensionistas AIReF escenario AIReF * ratio pensiones/pensionistas observado en abril de 2026.","Proxy anual para mantener el eje 1975-2070. No es una proyeccion oficial del numero de pensiones contributivas.","15.640137","1.10553248","El ratio pensiones/persona se mantiene constante; no modela pluripension futura, cambios normativos ni composicion por clase."
"2056","anual","Espana","17302111","17.302111","modelizado","Modelo propio con AIReF Grafico 6 y ratio pensiones/pensionistas de Seguridad Social abril 2026","Pensiones modelizadas = pensionistas AIReF escenario AIReF * ratio pensiones/pensionistas observado en abril de 2026.","Proxy anual para mantener el eje 1975-2070. No es una proyeccion oficial del numero de pensiones contributivas.","15.650477","1.10553248","El ratio pensiones/persona se mantiene constante; no modela pluripension futura, cambios normativos ni composicion por clase."
"2057","anual","Espana","17301488","17.301488","modelizado","Modelo propio con AIReF Grafico 6 y ratio pensiones/pensionistas de Seguridad Social abril 2026","Pensiones modelizadas = pensionistas AIReF escenario AIReF * ratio pensiones/pensionistas observado en abril de 2026.","Proxy anual para mantener el eje 1975-2070. No es una proyeccion oficial del numero de pensiones contributivas.","15.649914","1.10553248","El ratio pensiones/persona se mantiene constante; no modela pluripension futura, cambios normativos ni composicion por clase."
"2058","anual","Espana","17290006","17.290006","modelizado","Modelo propio con AIReF Grafico 6 y ratio pensiones/pensionistas de Seguridad Social abril 2026","Pensiones modelizadas = pensionistas AIReF escenario AIReF * ratio pensiones/pensionistas observado en abril de 2026.","Proxy anual para mantener el eje 1975-2070. No es una proyeccion oficial del numero de pensiones contributivas.","15.639528","1.10553248","El ratio pensiones/persona se mantiene constante; no modela pluripension futura, cambios normativos ni composicion por clase."
"2059","anual","Espana","17269371","17.269371","modelizado","Modelo propio con AIReF Grafico 6 y ratio pensiones/pensionistas de Seguridad Social abril 2026","Pensiones modelizadas = pensionistas AIReF escenario AIReF * ratio pensiones/pensionistas observado en abril de 2026.","Proxy anual para mantener el eje 1975-2070. No es una proyeccion oficial del numero de pensiones contributivas.","15.620863","1.10553248","El ratio pensiones/persona se mantiene constante; no modela pluripension futura, cambios normativos ni composicion por clase."
"2060","anual","Espana","17239556","17.239556","modelizado","Modelo propio con AIReF Grafico 6 y ratio pensiones/pensionistas de Seguridad Social abril 2026","Pensiones modelizadas = pensionistas AIReF escenario AIReF * ratio pensiones/pensionistas observado en abril de 2026.","Proxy anual para mantener el eje 1975-2070. No es una proyeccion oficial del numero de pensiones contributivas.","15.593894","1.10553248","El ratio pensiones/persona se mantiene constante; no modela pluripension futura, cambios normativos ni composicion por clase."
"2061","anual","Espana","17204364","17.204364","modelizado","Modelo propio con AIReF Grafico 6 y ratio pensiones/pensionistas de Seguridad Social abril 2026","Pensiones modelizadas = pensionistas AIReF escenario AIReF * ratio pensiones/pensionistas observado en abril de 2026.","Proxy anual para mantener el eje 1975-2070. No es una proyeccion oficial del numero de pensiones contributivas.","15.562061","1.10553248","El ratio pensiones/persona se mantiene constante; no modela pluripension futura, cambios normativos ni composicion por clase."
"2062","anual","Espana","17164127","17.164127","modelizado","Modelo propio con AIReF Grafico 6 y ratio pensiones/pensionistas de Seguridad Social abril 2026","Pensiones modelizadas = pensionistas AIReF escenario AIReF * ratio pensiones/pensionistas observado en abril de 2026.","Proxy anual para mantener el eje 1975-2070. No es una proyeccion oficial del numero de pensiones contributivas.","15.525665","1.10553248","El ratio pensiones/persona se mantiene constante; no modela pluripension futura, cambios normativos ni composicion por clase."
"2063","anual","Espana","17119088","17.119088","modelizado","Modelo propio con AIReF Grafico 6 y ratio pensiones/pensionistas de Seguridad Social abril 2026","Pensiones modelizadas = pensionistas AIReF escenario AIReF * ratio pensiones/pensionistas observado en abril de 2026.","Proxy anual para mantener el eje 1975-2070. No es una proyeccion oficial del numero de pensiones contributivas.","15.484925","1.10553248","El ratio pensiones/persona se mantiene constante; no modela pluripension futura, cambios normativos ni composicion por clase."
"2064","anual","Espana","17073061","17.073061","modelizado","Modelo propio con AIReF Grafico 6 y ratio pensiones/pensionistas de Seguridad Social abril 2026","Pensiones modelizadas = pensionistas AIReF escenario AIReF * ratio pensiones/pensionistas observado en abril de 2026.","Proxy anual para mantener el eje 1975-2070. No es una proyeccion oficial del numero de pensiones contributivas.","15.443292","1.10553248","El ratio pensiones/persona se mantiene constante; no modela pluripension futura, cambios normativos ni composicion por clase."
"2065","anual","Espana","17026284","17.026284","modelizado","Modelo propio con AIReF Grafico 6 y ratio pensiones/pensionistas de Seguridad Social abril 2026","Pensiones modelizadas = pensionistas AIReF escenario AIReF * ratio pensiones/pensionistas observado en abril de 2026.","Proxy anual para mantener el eje 1975-2070. No es una proyeccion oficial del numero de pensiones contributivas.","15.40098","1.10553248","El ratio pensiones/persona se mantiene constante; no modela pluripension futura, cambios normativos ni composicion por clase."
"2066","anual","Espana","16980950","16.98095","modelizado","Modelo propio con AIReF Grafico 6 y ratio pensiones/pensionistas de Seguridad Social abril 2026","Pensiones modelizadas = pensionistas AIReF escenario AIReF * ratio pensiones/pensionistas observado en abril de 2026.","Proxy anual para mantener el eje 1975-2070. No es una proyeccion oficial del numero de pensiones contributivas.","15.359974","1.10553248","El ratio pensiones/persona se mantiene constante; no modela pluripension futura, cambios normativos ni composicion por clase."
"2067","anual","Espana","16937646","16.937646","modelizado","Modelo propio con AIReF Grafico 6 y ratio pensiones/pensionistas de Seguridad Social abril 2026","Pensiones modelizadas = pensionistas AIReF escenario AIReF * ratio pensiones/pensionistas observado en abril de 2026.","Proxy anual para mantener el eje 1975-2070. No es una proyeccion oficial del numero de pensiones contributivas.","15.320804","1.10553248","El ratio pensiones/persona se mantiene constante; no modela pluripension futura, cambios normativos ni composicion por clase."
"2068","anual","Espana","16899839","16.899839","modelizado","Modelo propio con AIReF Grafico 6 y ratio pensiones/pensionistas de Seguridad Social abril 2026","Pensiones modelizadas = pensionistas AIReF escenario AIReF * ratio pensiones/pensionistas observado en abril de 2026.","Proxy anual para mantener el eje 1975-2070. No es una proyeccion oficial del numero de pensiones contributivas.","15.286606","1.10553248","El ratio pensiones/persona se mantiene constante; no modela pluripension futura, cambios normativos ni composicion por clase."
"2069","anual","Espana","16869856","16.869856","modelizado","Modelo propio con AIReF Grafico 6 y ratio pensiones/pensionistas de Seguridad Social abril 2026","Pensiones modelizadas = pensionistas AIReF escenario AIReF * ratio pensiones/pensionistas observado en abril de 2026.","Proxy anual para mantener el eje 1975-2070. No es una proyeccion oficial del numero de pensiones contributivas.","15.259485","1.10553248","El ratio pensiones/persona se mantiene constante; no modela pluripension futura, cambios normativos ni composicion por clase."
"2070","anual","Espana","16846272","16.846272","modelizado","Modelo propio con AIReF Grafico 6 y ratio pensiones/pensionistas de Seguridad Social abril 2026","Pensiones modelizadas = pensionistas AIReF escenario AIReF * ratio pensiones/pensionistas observado en abril de 2026.","Proxy anual para mantener el eje 1975-2070. No es una proyeccion oficial del numero de pensiones contributivas.","15.238152","1.10553248","El ratio pensiones/persona se mantiene constante; no modela pluripension futura, cambios normativos ni composicion por clase."
